text,favorited,favoriteCount,replyToSN,created,truncated,replyToSID,id,replyToUID,statusSource,screenName,retweetCount,isRetweet,retweeted,longitude,latitude
"I'm still asking you to believe - not in my ability to bring about change, but in yours. I believe in change because I believe in you.",FALSE,799643,POTUS44,1/20/2017 14:13,FALSE,8.22446E+17,8.22447E+17,1536791610,"<a href=""http://twitter.com"" rel=""nofollow"">Twitter Web Client</a>",POTUS44,343968,FALSE,FALSE,NA,NA
"As we look forward, I want our first steps to reflect what matters most to you. Share your thoughts with me at https://t.co/fGUxlpLVue.",FALSE,206709,POTUS44,1/20/2017 14:11,FALSE,8.22446E+17,8.22446E+17,1536791610,"<a href=""http://twitter.com"" rel=""nofollow"">Twitter Web Client</a>",POTUS44,57896,FALSE,FALSE,NA,NA
"I won't stop; I'll be right there with you as a citizen, inspired by your voices of truth and justice, good humor, and love.",FALSE,609842,POTUS44,1/20/2017 14:09,FALSE,8.22446E+17,8.22446E+17,1536791610,"<a href=""http://twitter.com"" rel=""nofollow"">Twitter Web Client</a>",POTUS44,220332,FALSE,FALSE,NA,NA
It's been the honor of my life to serve you. You made me a better leader and a better man.,FALSE,1648704,NA,1/20/2017 14:09,FALSE,NA,8.22446E+17,NA,"<a href=""http://twitter.com"" rel=""nofollow"">Twitter Web Client</a>",POTUS44,638521,FALSE,FALSE,NA,NA
"Proud to make this one of my final actions as President. America is a nation of second chances, and 1,715 people de… https://t.co/vZLJa9SweM",FALSE,232848,NA,1/19/2017 20:39,TRUE,NA,8.22182E+17,NA,"<a href=""http://twitter.com/download/iphone"" rel=""nofollow"">Twitter for iPhone</a>",POTUS44,69469,FALSE,FALSE,NA,NA
"To the girl from the South Side who took on a role she didn't ask for and made it her own: Happy Birthday, Michelle… https://t.co/cFWec1RQN0",FALSE,1210044,NA,1/17/2017 14:59,TRUE,NA,8.21371E+17,NA,"<a href=""http://twitter.com/download/iphone"" rel=""nofollow"">Twitter for iPhone</a>",POTUS44,358352,FALSE,FALSE,NA,NA
"From one 44 to another, thanks for finally giving @FLOTUS and generations of hopeful fans a @Cubs championship. https://t.co/RnLyTYF2ub",FALSE,92895,NA,1/17/2017 0:10,FALSE,NA,8.21148E+17,NA,"<a href=""http://twitter.com/download/iphone"" rel=""nofollow"">Twitter for iPhone</a>",POTUS44,16896,FALSE,FALSE,NA,NA
"In honor of their legacy, @FLOTUS and I are joining Americans across the country in a day of service to our community here in D.C. #MLKDay",FALSE,68313,POTUS44,1/16/2017 19:50,FALSE,8.21082E+17,8.21082E+17,1536791610,"<a href=""http://twitter.com/download/iphone"" rel=""nofollow"">Twitter for iPhone</a>",POTUS44,11617,FALSE,FALSE,NA,NA
"Dr. King and those who marched with him proved that people who love their country can change it. As Americans, we all owe them a great deal.",FALSE,220230,NA,1/16/2017 19:49,FALSE,NA,8.21082E+17,NA,"<a href=""http://twitter.com/download/iphone"" rel=""nofollow"">Twitter for iPhone</a>",POTUS44,70753,FALSE,FALSE,NA,NA
"That is out of this world. Thanks, @NASA. https://t.co/R8CSjAwt2E",FALSE,181540,NA,1/12/2017 23:57,FALSE,NA,8.19695E+17,NA,"<a href=""http://twitter.com/download/iphone"" rel=""nofollow"">Twitter for iPhone</a>",POTUS44,46761,FALSE,FALSE,NA,NA
"Thank you for everything. My last ask is the same as my first. I'm asking you to believe—not in my ability to create change, but in yours.",FALSE,1871678,NA,1/11/2017 4:52,FALSE,NA,8.19044E+17,NA,"<a href=""http://twitter.com/download/iphone"" rel=""nofollow"">Twitter for iPhone</a>",POTUS44,882801,FALSE,FALSE,NA,NA
It’s been the privilege of my life to serve as your President. I look forward to standing with you as a citizen. Happy New Year everybody.,FALSE,874296,POTUS44,1/1/2017 17:00,FALSE,8.15603E+17,8.15604E+17,1536791610,"<a href=""http://twitter.com/download/iphone"" rel=""nofollow"">Twitter for iPhone</a>",POTUS44,268305,FALSE,FALSE,NA,NA
"From realizing marriage equality to removing barriers to opportunity, we've made history in our work to reaffirm that all are created equal.",FALSE,207084,POTUS44,1/1/2017 16:59,FALSE,8.15602E+17,8.15603E+17,1536791610,"<a href=""http://twitter.com/download/iphone"" rel=""nofollow"">Twitter for iPhone</a>",POTUS44,55263,FALSE,FALSE,NA,NA
We brought home more of our troops &amp; strengthened U.S. leadership—leading with diplomacy &amp; partnering with nations to meet global problems.,FALSE,79256,POTUS44,1/1/2017 16:53,FALSE,8.15602E+17,8.15602E+17,1536791610,"<a href=""http://twitter.com/download/iphone"" rel=""nofollow"">Twitter for iPhone</a>",POTUS44,18472,FALSE,FALSE,NA,NA
"We traded foreign oil for clean energy, we doubled fuel efficiency standards, &amp; we acted on a global scale to save… https://t.co/U2n4myQUkV",FALSE,68481,POTUS44,1/1/2017 16:52,TRUE,8.15601E+17,8.15602E+17,1536791610,"<a href=""http://twitter.com/download/iphone"" rel=""nofollow"">Twitter for iPhone</a>",POTUS44,19791,FALSE,FALSE,NA,NA
"After decades of rising health care costs, today nearly every American now has access to the financial security of… https://t.co/P9VEPIE3Ab",FALSE,60357,POTUS44,1/1/2017 16:51,TRUE,8.15601E+17,8.15601E+17,1536791610,"<a href=""http://twitter.com/download/iphone"" rel=""nofollow"">Twitter for iPhone</a>",POTUS44,17936,FALSE,FALSE,NA,NA
"Facing the worst financial crisis in 80 years, you delivered the longest streak of job growth in our history. https://t.co/Vk3PfRgZqF",FALSE,80958,POTUS44,1/1/2017 16:49,FALSE,8.15601E+17,8.15601E+17,1536791610,"<a href=""http://twitter.com/download/iphone"" rel=""nofollow"">Twitter for iPhone</a>",POTUS44,26975,FALSE,FALSE,NA,NA
"As we look ahead to the future, I wanted to take a moment to look back on the remarkable progress that you made possible these past 8 years.",FALSE,228267,NA,1/1/2017 16:48,FALSE,NA,8.15601E+17,NA,"<a href=""http://twitter.com/download/iphone"" rel=""nofollow"">Twitter for iPhone</a>",POTUS44,51942,FALSE,FALSE,NA,NA
"The best part of the holidays is the time we share with those we love. On behalf of Michelle, Malia, and Sasha, Mer… https://t.co/AOai9bJYlg",FALSE,413246,NA,12/25/2016 16:30,TRUE,NA,8.13059E+17,NA,"<a href=""http://twitter.com/download/iphone"" rel=""nofollow"">Twitter for iPhone</a>",POTUS44,110225,FALSE,FALSE,NA,NA
A ban on drilling in Arctic waters helps protect the planet we share. Proud to take this step with @JustinTrudeau &amp;… https://t.co/cDbN6inXRy,FALSE,89941,NA,12/20/2016 21:56,TRUE,NA,8.11329E+17,NA,"<a href=""http://twitter.com/download/iphone"" rel=""nofollow"">Twitter for iPhone</a>",POTUS44,27687,FALSE,FALSE,NA,NA
"The Justice for All bill is a bipartisan step in making our criminal justice system fairer, smarter, and more effective. Proud to sign it.",FALSE,37939,NA,12/16/2016 23:13,FALSE,NA,8.09899E+17,NA,"<a href=""http://twitter.com/download/iphone"" rel=""nofollow"">Twitter for iPhone</a>",POTUS44,6715,FALSE,FALSE,NA,NA
"The suits said it all – colorful, fun, a little outlandish. That’s what sports should be. Thanks, Craig Sager.  We'll all miss you.",FALSE,52751,NA,12/16/2016 17:00,FALSE,NA,8.09805E+17,NA,"<a href=""http://twitter.com/download/iphone"" rel=""nofollow"">Twitter for iPhone</a>",POTUS44,11551,FALSE,FALSE,NA,NA
"In signing the Cures Act into law, we're one step closer to breakthroughs on the greatest health challenges of our… https://t.co/LhyahsK0sJ",FALSE,52013,NA,12/13/2016 22:56,TRUE,NA,8.08808E+17,NA,"<a href=""http://twitter.com/#!/download/ipad"" rel=""nofollow"">Twitter for iPad</a>",POTUS44,11530,FALSE,FALSE,NA,NA
Great to see so many investors come together to work towards a clean energy future. It's a smart investment and it'… https://t.co/aqGx2t7QAZ,FALSE,49802,NA,12/13/2016 3:15,TRUE,NA,8.08511E+17,NA,"<a href=""http://twitter.com"" rel=""nofollow"">Twitter Web Client</a>",POTUS44,12805,FALSE,FALSE,NA,NA
"Proud of our Champions of Change - folks who prove that, here in America, there's no more powerful role than that o… https://t.co/wbz1YSlUEx",FALSE,49870,NA,12/5/2016 22:46,TRUE,NA,8.05906E+17,NA,"<a href=""http://twitter.com/download/iphone"" rel=""nofollow"">Twitter for iPhone</a>",POTUS44,9872,FALSE,FALSE,NA,NA
"Today, we honor those who are leading the fight against HIV/AIDS. Because of them, an AIDS-free generation is now w… https://t.co/yW9uyfbf1x",FALSE,108353,NA,12/1/2016 15:57,TRUE,NA,8.04354E+17,NA,"<a href=""http://twitter.com/download/iphone"" rel=""nofollow"">Twitter for iPhone</a>",POTUS44,33073,FALSE,FALSE,NA,NA
"This Thanksgiving, we give thanks for our blessings, and work to fulfill the timeless responsibility we have as Americans to serve others.",FALSE,37444,POTUS44,11/24/2016 18:05,FALSE,8.01849E+17,8.01849E+17,1536791610,"<a href=""http://twitter.com/download/iphone"" rel=""nofollow"">Twitter for iPhone</a>",POTUS44,7848,FALSE,FALSE,NA,NA
The Old Soldiers Home in DC has cared for our nation's veterans for 165 years. I was honored to be a small part of… https://t.co/43ttiaLibI,FALSE,102979,NA,11/24/2016 18:03,TRUE,NA,8.01849E+17,NA,"<a href=""http://twitter.com/download/iphone"" rel=""nofollow"">Twitter for iPhone</a>",POTUS44,20893,FALSE,FALSE,NA,NA
"Happy birthday, Joe! The best @VP and friend I could have had alongside me these past eight years. https://t.co/kWH3L5uSFC",FALSE,667317,NA,11/20/2016 22:40,FALSE,NA,8.00469E+17,NA,"<a href=""http://twitter.com/download/iphone"" rel=""nofollow"">Twitter for iPhone</a>",POTUS44,206065,FALSE,FALSE,NA,NA
One thing I've learned from my time abroad as President: Young people will shape our future long after their leader… https://t.co/bwEltHdPDs,FALSE,79314,NA,11/20/2016 15:17,TRUE,NA,8.00357E+17,NA,"<a href=""http://twitter.com/download/iphone"" rel=""nofollow"">Twitter for iPhone</a>",POTUS44,22815,FALSE,FALSE,NA,NA
"Today, we honor those who honored our country with its highest form of service. We owe our veterans our thanks, our respect and our freedom.",FALSE,168556,NA,11/11/2016 17:28,FALSE,NA,7.97129E+17,NA,"<a href=""http://twitter.com/download/iphone"" rel=""nofollow"">Twitter for iPhone</a>",POTUS44,52063,FALSE,FALSE,NA,NA
"Today, progress is on the ballot. Go vote - then make sure your friends, your family, and everyone you know votes too.",FALSE,155124,NA,11/8/2016 15:57,FALSE,NA,7.96019E+17,NA,"<a href=""http://twitter.com"" rel=""nofollow"">Twitter Web Client</a>",POTUS44,58048,FALSE,FALSE,NA,NA
"It's pretty simple: Find a plan, get covered, earn some peace of mind. Start today: https://t.co/PJ7xIKP3Vo https://t.co/ZBQdNz8s80",FALSE,28060,NA,11/3/2016 23:34,FALSE,NA,7.94322E+17,NA,"<a href=""https://studio.twitter.com"" rel=""nofollow"">Media Studio</a>",POTUS44,6797,FALSE,FALSE,NA,NA
It happened: @Cubs win World Series. That's change even this South Sider can believe in. Want to come to the White House before I leave?,FALSE,278119,NA,11/3/2016 6:03,FALSE,NA,7.94058E+17,NA,"<a href=""http://twitter.com/download/iphone"" rel=""nofollow"">Twitter for iPhone</a>",POTUS44,74367,FALSE,FALSE,NA,NA
"I'll say it: Holy Cow, @Cubs fans. Even this White Sox fan was happy to see Wrigley rocking last night. #FlyTheW",FALSE,82803,NA,10/23/2016 17:01,FALSE,NA,7.90237E+17,NA,"<a href=""http://twitter.com/download/iphone"" rel=""nofollow"">Twitter for iPhone</a>",POTUS44,20537,FALSE,FALSE,NA,NA
Check out my newest science advisors! These kids are fearless in using science to tackle our toughest problems. Tha… https://t.co/pLBZQWDFin,FALSE,66212,NA,10/21/2016 22:44,TRUE,NA,7.89598E+17,NA,"<a href=""http://twitter.com/download/iphone"" rel=""nofollow"">Twitter for iPhone</a>",POTUS44,13545,FALSE,FALSE,NA,NA
Outstanding 3 for 3 debate sweep for @HillaryClinton! Nobody has ever been more prepared to be @POTUS.,FALSE,87778,NA,10/20/2016 13:31,FALSE,NA,7.89097E+17,NA,"<a href=""http://twitter.com/download/iphone"" rel=""nofollow"">Twitter for iPhone</a>",POTUS44,21433,FALSE,FALSE,NA,NA
"For the loved ones we've lost and the ones we can still save, thank you Joe for putting us on the path to ending ca… https://t.co/OPPnQIJDl2",FALSE,24921,NA,10/17/2016 19:26,TRUE,NA,7.88099E+17,NA,"<a href=""http://twitter.com/#!/download/ipad"" rel=""nofollow"">Twitter for iPad</a>",POTUS44,6504,FALSE,FALSE,NA,NA
"For a century, Planned Parenthood has made it possible for women to determine their own lives. Here's to another #100YearsStrong.",FALSE,107381,NA,10/16/2016 14:30,FALSE,NA,7.87662E+17,NA,"<a href=""http://twitter.com/download/iphone"" rel=""nofollow"">Twitter for iPhone</a>",POTUS44,35691,FALSE,FALSE,NA,NA
"Clearly, we still have more to do to prevent sexual assault and the thinking that leads to it. That starts with us: https://t.co/9PRZB451fS",FALSE,45242,NA,10/14/2016 21:46,FALSE,NA,7.87047E+17,NA,"<a href=""http://twitter.com/download/iphone"" rel=""nofollow"">Twitter for iPhone</a>",POTUS44,16140,FALSE,FALSE,NA,NA
"Congratulations to one of my favorite poets, Bob Dylan, on a well-deserved Nobel. https://t.co/c9cnANWPCS",FALSE,33677,NA,10/13/2016 16:05,FALSE,NA,7.86599E+17,NA,"<a href=""http://twitter.com/#!/download/ipad"" rel=""nofollow"">Twitter for iPad</a>",POTUS44,11635,FALSE,FALSE,NA,NA
"Now this was fun. Artificial intelligence, space travel—hope you enjoy exploring new frontiers as much as I did. https://t.co/WWBUm5eJ08",FALSE,26889,NA,10/12/2016 17:16,FALSE,NA,7.86254E+17,NA,"<a href=""http://twitter.com/download/iphone"" rel=""nofollow"">Twitter for iPhone</a>",POTUS44,7810,FALSE,FALSE,NA,NA
"On International #DayoftheGirl, we remain committed to providing what we all want for our daughters: a future of limitless possibility.",FALSE,61694,NA,10/11/2016 16:58,FALSE,NA,7.85887E+17,NA,"<a href=""http://twitter.com/#!/download/ipad"" rel=""nofollow"">Twitter for iPad</a>",POTUS44,25221,FALSE,FALSE,NA,NA
"Just like Michelle says, when they go low, we go high. @HillaryClinton went high and showed why she'll be a POTUS for all Americans.",FALSE,100244,NA,10/10/2016 16:06,FALSE,NA,7.85512E+17,NA,"<a href=""http://twitter.com/#!/download/ipad"" rel=""nofollow"">Twitter for iPad</a>",POTUS44,26570,FALSE,FALSE,NA,NA
Voted early today. Make sure you vote too: https://t.co/SUUmUADsHj https://t.co/NMesNhwsaG,FALSE,56283,NA,10/7/2016 21:40,FALSE,NA,7.84509E+17,NA,"<a href=""http://twitter.com/#!/download/ipad"" rel=""nofollow"">Twitter for iPad</a>",POTUS44,16430,FALSE,FALSE,NA,NA
"Hurricane Matthew is as serious as it gets. Listen to local officials, prepare, take care of each other. https://t.co/Vaf8Xubs0s",FALSE,28338,NA,10/6/2016 23:17,FALSE,NA,7.84171E+17,NA,"<a href=""http://twitter.com/download/iphone"" rel=""nofollow"">Twitter for iPhone</a>",POTUS44,10851,FALSE,FALSE,NA,NA
Thank you to every nation that moved to bring the Paris Agreement into force. History will judge today as a turning point for our planet.,FALSE,42190,NA,10/5/2016 20:52,FALSE,NA,7.83772E+17,NA,"<a href=""http://twitter.com/download/iphone"" rel=""nofollow"">Twitter for iPhone</a>",POTUS44,11272,FALSE,FALSE,NA,NA
Bringing a little Austin to the South Lawn today. https://t.co/qCXwVI0uLH https://t.co/nTb10I3GHP,FALSE,16551,NA,10/3/2016 15:49,FALSE,NA,7.82971E+17,NA,"<a href=""http://twitter.com"" rel=""nofollow"">Twitter Web Client</a>",POTUS44,5477,FALSE,FALSE,NA,NA
What a win by the USA in #RyderCup. Proud to see our guys bring the trophy back home. Arnie is smiling down.,FALSE,20840,NA,10/3/2016 2:00,FALSE,NA,7.82762E+17,NA,"<a href=""http://twitter.com"" rel=""nofollow"">Twitter Web Client</a>",POTUS44,3937,FALSE,FALSE,NA,NA
"Gandhiji believed in a world worthy of our children. In joining the Paris Agreement, @narendramodi &amp; the Indian people carry on that legacy.",FALSE,38575,NA,10/2/2016 14:54,FALSE,NA,7.82595E+17,NA,"<a href=""http://twitter.com"" rel=""nofollow"">Twitter Web Client</a>",POTUS44,15537,FALSE,FALSE,NA,NA
Paid leave shouldn't be a luxury. It's a basic necessity that we should secure for every working American. https://t.co/OPeQiVPJlK,FALSE,18043,NA,10/1/2016 14:00,FALSE,NA,7.82219E+17,NA,"<a href=""http://twitter.com/download/iphone"" rel=""nofollow"">Twitter for iPhone</a>",POTUS44,5244,FALSE,FALSE,NA,NA
"Our Olympians and Paralympians show the world that no matter what, with perseverance, we can do incredible things. Proud of you, #TeamUSA.",FALSE,23345,NA,9/29/2016 23:38,FALSE,NA,7.81639E+17,NA,"<a href=""http://twitter.com"" rel=""nofollow"">Twitter Web Client</a>",POTUS44,4114,FALSE,FALSE,NA,NA
Couldn't be more proud of @HillaryClinton. Her vision and command during last night's debate showed that she's ready to be our next @POTUS.,FALSE,97748,NA,9/27/2016 23:04,FALSE,NA,7.80906E+17,NA,"<a href=""http://twitter.com"" rel=""nofollow"">Twitter Web Client</a>",POTUS44,24733,FALSE,FALSE,NA,NA
Democracy is not a spectator sport. Don't give up your power to shape the future of the country we love. Vote: https://t.co/sUxB8TLc5r,FALSE,35779,NA,9/27/2016 16:39,FALSE,NA,7.80809E+17,NA,"<a href=""http://twitter.com"" rel=""nofollow"">Twitter Web Client</a>",POTUS44,16601,FALSE,FALSE,NA,NA
"Here's to The King who was as extraordinary on the links as he was generous to others. Thanks for the memories, Arn… https://t.co/r4dLQqt45A",FALSE,51813,NA,9/26/2016 3:14,TRUE,NA,7.80244E+17,NA,"<a href=""http://twitter.com"" rel=""nofollow"">Twitter Web Client</a>",POTUS44,12028,FALSE,FALSE,NA,NA
Proud to help open @NMAAHC with so many heroes. African American history is a central part of our glorious American history.,FALSE,24649,NA,9/24/2016 14:04,FALSE,NA,7.79683E+17,NA,"<a href=""http://twitter.com/download/iphone"" rel=""nofollow"">Twitter for iPhone</a>",POTUS44,8337,FALSE,FALSE,NA,NA
"Sabaidii, Laos! Honored to be the first U.S. president to visit Laos and to begin a new partnership between our countries.",FALSE,28460,NA,9/6/2016 1:30,FALSE,NA,7.7297E+17,NA,"<a href=""http://twitter.com/#!/download/ipad"" rel=""nofollow"">Twitter for iPad</a>",POTUS44,5947,FALSE,FALSE,NA,NA
"Happy Labor Day - longest streak of job growth ever, unemployment cut in half. That's what hardworking Americans can do. Let's keep going!",FALSE,58336,NA,9/5/2016 16:57,FALSE,NA,7.72841E+17,NA,"<a href=""http://twitter.com/#!/download/ipad"" rel=""nofollow"">Twitter for iPad</a>",POTUS44,15877,FALSE,FALSE,NA,NA
Congrats to NASA and the scientists taking us a step closer to Mars. Now enjoy Hawaii and get a shave ice! https://t.co/lFZjSnn38x,FALSE,21601,NA,8/29/2016 16:28,FALSE,NA,7.70297E+17,NA,"<a href=""http://twitter.com"" rel=""nofollow"">Twitter Web Client</a>",POTUS44,5861,FALSE,FALSE,NA,NA
"Congratulations to Maine-Endwell, Little League World Series Champs and still undefeated! Proud of you and the sportsmanship you showed.",FALSE,24690,NA,8/29/2016 0:08,FALSE,NA,7.7005E+17,NA,"<a href=""http://twitter.com/download/iphone"" rel=""nofollow"">Twitter for iPhone</a>",POTUS44,4992,FALSE,FALSE,NA,NA
"Nearly 100 years ago, women broke down barriers to the ballot box, moving us closer to a more equal nation. Let's finish what they started.",FALSE,70616,NA,8/26/2016 16:08,FALSE,NA,7.69205E+17,NA,"<a href=""http://twitter.com"" rel=""nofollow"">Twitter Web Client</a>",POTUS44,24144,FALSE,FALSE,NA,NA
"100 years and going strong. Thanks @NatlParkService for your service, so our kids enjoy our parks as much as we have https://t.co/1v3W2HLD6f",FALSE,33645,NA,8/25/2016 18:05,FALSE,NA,7.68872E+17,NA,"<a href=""https://about.twitter.com/products/tweetdeck"" rel=""nofollow"">TweetDeck</a>",POTUS44,7946,FALSE,FALSE,NA,NA
"Felicitaciones, @JuanManSantos and Colombia. After decades of war, we stand with you in building a future of peace. https://t.co/haXJaqgS9f",FALSE,17557,NA,8/25/2016 15:32,FALSE,NA,7.68834E+17,NA,"<a href=""http://twitter.com"" rel=""nofollow"">Twitter Web Client</a>",POTUS44,9966,FALSE,FALSE,NA,NA
"Couldn't be prouder of #TeamUSA. Your determination and passion inspired so many of us. You carried that flag high tonight, @Simone_Biles!",FALSE,77429,NA,8/22/2016 1:07,FALSE,NA,7.67529E+17,NA,"<a href=""http://twitter.com/download/iphone"" rel=""nofollow"">Twitter for iPhone</a>",POTUS44,17071,FALSE,FALSE,NA,NA
Final win for Phelps. World record for Ledecky. 3 #1 finishes for Biles. That's how #TeamUSA gets America to 1000 golds-way to make history.,FALSE,73314,NA,8/14/2016 23:06,FALSE,NA,7.64961E+17,NA,"<a href=""http://twitter.com/download/iphone"" rel=""nofollow"">Twitter for iPhone</a>",POTUS44,16005,FALSE,FALSE,NA,NA
"Been waiting to drop this: summer playlist, the encore. What's everybody listening to? https://t.co/mqh1YVrycj",FALSE,248407,NA,8/11/2016 14:31,FALSE,NA,7.63745E+17,NA,"<a href=""http://twitter.com"" rel=""nofollow"">Twitter Web Client</a>",POTUS44,118380,FALSE,FALSE,NA,NA
The struggle for the Voting Rights Act taught us that people who love this country can change it. Don't give away your power - go vote.,FALSE,49117,NA,8/6/2016 20:59,FALSE,NA,7.6203E+17,NA,"<a href=""http://twitter.com/download/iphone"" rel=""nofollow"">Twitter for iPhone</a>",POTUS44,19414,FALSE,FALSE,NA,NA
"Tonight, the first-ever #TeamRefugees will also stand before the world and prove that you can succeed no matter where you're from.",FALSE,42605,POTUS44,8/5/2016 23:22,FALSE,7.61704E+17,7.61704E+17,1536791610,"<a href=""http://twitter.com/download/iphone"" rel=""nofollow"">Twitter for iPhone</a>",POTUS44,15206,FALSE,FALSE,NA,NA
Ready to root on #TeamUSA! Our team's unity and diversity makes us so proud - and reminds the world why America sets the gold standard.,FALSE,42277,NA,8/5/2016 23:21,FALSE,NA,7.61704E+17,NA,"<a href=""http://twitter.com/download/iphone"" rel=""nofollow"">Twitter for iPhone</a>",POTUS44,10692,FALSE,FALSE,NA,NA
"Longest streak of total job growth on record, wages rising at fastest pace in 7 years. We've come a long way, America—let's keep it going.",FALSE,45125,NA,8/5/2016 19:11,FALSE,NA,7.61641E+17,NA,"<a href=""http://twitter.com"" rel=""nofollow"">Twitter Web Client</a>",POTUS44,12743,FALSE,FALSE,NA,NA
"Great speech. She's tested. She's ready. She never quits. That's why Hillary should be our next @POTUS. (She'll get the Twitter handle, too)",FALSE,187635,NA,7/29/2016 3:30,FALSE,NA,7.58867E+17,NA,"<a href=""http://twitter.com/download/iphone"" rel=""nofollow"">Twitter for iPhone</a>",POTUS44,62055,FALSE,FALSE,NA,NA
"Incredible speech by an incredible woman. Couldn't be more proud &amp; our country has been blessed to have her as FLOTUS. I love you, Michelle.",FALSE,554538,NA,7/26/2016 2:25,FALSE,NA,7.57764E+17,NA,"<a href=""http://twitter.com/download/iphone"" rel=""nofollow"">Twitter for iPhone</a>",POTUS44,173034,FALSE,FALSE,NA,NA
"¡Bienvenido, amigo! We value our enduring partnership with Mexico &amp; will work to strengthen it in the years to come. https://t.co/mjlABSm7jF",FALSE,16912,NA,7/22/2016 19:17,FALSE,NA,7.56569E+17,NA,"<a href=""http://twitter.com"" rel=""nofollow"">Twitter Web Client</a>",POTUS44,4511,FALSE,FALSE,NA,NA
"This map says it all. Stay safe as it heats up: Drink water, stay out of the sun, and check on your neighbors. https://t.co/c1qFTmq2IV",FALSE,34199,NA,7/20/2016 16:36,FALSE,NA,7.55804E+17,NA,"<a href=""http://twitter.com"" rel=""nofollow"">Twitter Web Client</a>",POTUS44,15753,FALSE,FALSE,NA,NA
44 men came home because Chuck Kettles believed that we leave no man behind. That's America at our best. https://t.co/UymO2AaRHg,FALSE,14514,NA,7/18/2016 14:15,FALSE,NA,7.55043E+17,NA,"<a href=""http://twitter.com"" rel=""nofollow"">Twitter Web Client</a>",POTUS44,3757,FALSE,FALSE,NA,NA
"Congrats Carla Hayden, our newest Librarian of Congress! Her confirmation is certainly one for the history books.
https://t.co/5T8rvSRp9e",FALSE,21461,NA,7/14/2016 1:38,FALSE,NA,7.53403E+17,NA,"<a href=""http://twitter.com"" rel=""nofollow"">Twitter Web Client</a>",POTUS44,7016,FALSE,FALSE,NA,NA
"Incredible! After a 5-year journey, we're up close and personal with our solar system's largest planet. Welcome to Jupiter, @NASAJuno!",FALSE,40900,NA,7/5/2016 17:21,FALSE,NA,7.50379E+17,NA,"<a href=""http://twitter.com/download/iphone"" rel=""nofollow"">Twitter for iPhone</a>",POTUS44,10347,FALSE,FALSE,NA,NA
"Happy Fourth of July, everybody! And to our brave men and women in uniform: On this day and every day, we thank you.",FALSE,51699,NA,7/4/2016 14:00,FALSE,NA,7.49966E+17,NA,"<a href=""http://twitter.com/download/iphone"" rel=""nofollow"">Twitter for iPhone</a>",POTUS44,17741,FALSE,FALSE,NA,NA
Elie Wiesel was a great moral voice of our time and a conscience for our world. He was also a dear friend. We will miss him deeply.,FALSE,54111,NA,7/2/2016 23:06,FALSE,NA,7.49379E+17,NA,"<a href=""http://twitter.com/download/iphone"" rel=""nofollow"">Twitter for iPhone</a>",POTUS44,19321,FALSE,FALSE,NA,NA
"The list goes on. When Members return, I hope they'll share my commitment to work together to do what must be done. https://t.co/l8nChcXpml",FALSE,8790,POTUS44,6/30/2016 20:58,FALSE,7.48621E+17,7.48622E+17,1536791610,"<a href=""http://twitter.com"" rel=""nofollow"">Twitter Web Client</a>",POTUS44,3954,FALSE,FALSE,NA,NA
Americans still need and are asking Congress to pass commonsense gun laws that strengthen background checks and keep our communities safe.,FALSE,8696,POTUS44,6/30/2016 20:56,FALSE,7.48621E+17,7.48621E+17,1536791610,"<a href=""http://twitter.com"" rel=""nofollow"">Twitter Web Client</a>",POTUS44,2868,FALSE,FALSE,NA,NA
"After more than 100 days, the Supreme Court still needs its 9th judge, but the Senate GOP refuses to do its job and consider Judge Garland.",FALSE,6787,POTUS44,6/30/2016 20:55,FALSE,7.48621E+17,7.48621E+17,1536791610,"<a href=""http://twitter.com"" rel=""nofollow"">Twitter Web Client</a>",POTUS44,3187,FALSE,FALSE,NA,NA
Congress is leaving a hefty to-do list undone. Health officials still need emergency funding to effectively protect Americans from Zika.,FALSE,3796,POTUS44,6/30/2016 20:53,FALSE,7.4862E+17,7.48621E+17,1536791610,"<a href=""http://twitter.com"" rel=""nofollow"">Twitter Web Client</a>",POTUS44,1490,FALSE,FALSE,NA,NA
Proud to sign laws to improve transparency and avert a crisis in Puerto Rico. I'd hoped to use my pen more often before Congress left town.,FALSE,14534,NA,6/30/2016 20:53,FALSE,NA,7.4862E+17,NA,"<a href=""http://twitter.com"" rel=""nofollow"">Twitter Web Client</a>",POTUS44,3328,FALSE,FALSE,NA,NA
"Until next time, Justin. Good to know that Canada and the world will benefit from your leadership for years to come. https://t.co/T10g64niul",FALSE,30724,NA,6/30/2016 15:38,FALSE,NA,7.48541E+17,NA,"<a href=""http://twitter.com"" rel=""nofollow"">Twitter Web Client</a>",POTUS44,8483,FALSE,FALSE,NA,NA
"Women’s opportunities are expanded and our nation is stronger when all of our citizens have accessible, affordable health care.",FALSE,16144,POTUS44,6/27/2016 16:28,FALSE,7.47466E+17,7.47467E+17,1536791610,"<a href=""http://twitter.com"" rel=""nofollow"">Twitter Web Client</a>",POTUS44,4407,FALSE,FALSE,NA,NA
Every woman has a constitutional right to make her own reproductive choices. I'm pleased to see the Supreme Court reaffirm that fact today.,FALSE,112952,NA,6/27/2016 16:27,FALSE,NA,7.47466E+17,NA,"<a href=""http://twitter.com"" rel=""nofollow"">Twitter Web Client</a>",POTUS44,45465,FALSE,FALSE,NA,NA
Thank you John Lewis for leading on gun violence where we need it most. https://t.co/vctfqAH5Wt,FALSE,55859,NA,6/22/2016 17:45,FALSE,NA,7.45674E+17,NA,"<a href=""http://twitter.com"" rel=""nofollow"">Twitter Web Client</a>",POTUS44,24924,FALSE,FALSE,NA,NA
"By giving him its highest rating, the American Bar Association confirms what we all know: Judge Garland should serve on the Supreme Court.",FALSE,21023,NA,6/21/2016 18:47,FALSE,NA,7.45327E+17,NA,"<a href=""http://twitter.com/download/iphone"" rel=""nofollow"">Twitter for iPhone</a>",POTUS44,5666,FALSE,FALSE,NA,NA
"Gun violence requires more than moments of silence. It requires action. In failing that test, the Senate failed the American people.",FALSE,112093,NA,6/21/2016 15:11,FALSE,NA,7.45273E+17,NA,"<a href=""http://twitter.com/download/iphone"" rel=""nofollow"">Twitter for iPhone</a>",POTUS44,60729,FALSE,FALSE,NA,NA
What a game and what a series for the @Cavs. Happy to see @KingJames bring it home for Cleveland!,FALSE,70345,NA,6/20/2016 3:30,FALSE,NA,7.44734E+17,NA,"<a href=""http://twitter.com/download/iphone"" rel=""nofollow"">Twitter for iPhone</a>",POTUS44,34937,FALSE,FALSE,NA,NA
Happy Father's Day to all the dads out there. Glad to be spending this one with my family in Yosemite. https://t.co/SaNJgmoIK1,FALSE,27887,NA,6/19/2016 22:22,FALSE,NA,7.44657E+17,NA,"<a href=""http://twitter.com/download/iphone"" rel=""nofollow"">Twitter for iPhone</a>",POTUS44,5024,FALSE,FALSE,NA,NA
"He shook up the world, and the world's better for it. Rest in peace, Champ. https://t.co/z1yM3sSLH3",FALSE,145072,NA,6/4/2016 14:05,FALSE,NA,7.39096E+17,NA,"<a href=""http://twitter.com/download/iphone"" rel=""nofollow"">Twitter for iPhone</a>",POTUS44,63480,FALSE,FALSE,NA,NA
We cannot accept our level of gun violence as the new normal. We must take action to prevent this from happening again &amp; again. #WearOrange,FALSE,42550,NA,6/2/2016 15:16,FALSE,NA,7.38389E+17,NA,"<a href=""http://twitter.com/download/iphone"" rel=""nofollow"">Twitter for iPhone</a>",POTUS44,18272,FALSE,FALSE,NA,NA
"This Memorial Day, I hope you'll join me in acts of remembrance. The debt we owe our fallen heroes is one we can never truly repay.",FALSE,38845,NA,5/30/2016 13:00,FALSE,NA,7.37267E+17,NA,"<a href=""http://twitter.com"" rel=""nofollow"">Twitter Web Client</a>",POTUS44,15987,FALSE,FALSE,NA,NA
"Big night of basketball - @Warriors chasing 73 and a farewell for an
all-timer, @KobeBryant. NBA fans feeling like: https://t.co/hvno2ZO5b0",FALSE,54944,NA,4/14/2016 1:01,FALSE,NA,7.20417E+17,NA,"<a href=""http://twitter.com/download/iphone"" rel=""nofollow"">Twitter for iPhone</a>",POTUS44,31494,FALSE,FALSE,NA,NA
Proud to designate the Belmont-Paul national monument for women's equality. Let's keep up their fight with #EqualPay for women today.,FALSE,12936,NA,4/12/2016 14:46,FALSE,NA,7.199E+17,NA,"<a href=""http://twitter.com/download/iphone"" rel=""nofollow"">Twitter for iPhone</a>",POTUS44,4526,FALSE,FALSE,NA,NA
Congrats SpaceX on landing a rocket at sea. It's because of innovators like you &amp; NASA that America continues to lead in space exploration.,FALSE,49631,NA,4/8/2016 23:22,FALSE,NA,7.1858E+17,NA,"<a href=""http://twitter.com/download/iphone"" rel=""nofollow"">Twitter for iPhone</a>",POTUS44,17144,FALSE,FALSE,NA,NA
Nobody should have to choose between losing a paycheck &amp; caring for their family. I applaud @NYGovCuomo for taking a big step on paid leave.,FALSE,22338,NA,4/4/2016 16:29,FALSE,NA,7.17026E+17,NA,"<a href=""http://twitter.com/download/iphone"" rel=""nofollow"">Twitter for iPhone</a>",POTUS44,6563,FALSE,FALSE,NA,NA
"Thank you for your leadership @RepHalRogers. This epidemic doesn't discriminate between red or blue, so it's up to all of us to do our part.",FALSE,4317,RepHalRogers,3/29/2016 17:45,FALSE,7.14845E+17,7.14871E+17,550401754,"<a href=""http://twitter.com/download/iphone"" rel=""nofollow"">Twitter for iPhone</a>",POTUS44,1144,FALSE,FALSE,NA,NA
"From my family to yours, Happy Easter, and we wish everyone celebrating a blessed and joyful day. https://t.co/fNvcihSmYB",FALSE,133934,NA,3/27/2016 13:39,FALSE,NA,7.14084E+17,NA,"<a href=""http://twitter.com/download/iphone"" rel=""nofollow"">Twitter for iPhone</a>",POTUS44,34512,FALSE,FALSE,NA,NA
"¿Que bolá Cuba? Just touched down here, looking forward to meeting and hearing directly from the Cuban people.",FALSE,63175,NA,3/20/2016 20:22,FALSE,NA,7.11649E+17,NA,"<a href=""http://twitter.com"" rel=""nofollow"">Twitter Web Client</a>",POTUS44,33547,FALSE,FALSE,NA,NA
A great example of how tech can make our democracy stronger. Thanks for answering the call to serve. https://t.co/dFU57cuxo8,FALSE,4987,NA,3/17/2016 22:52,FALSE,NA,7.106E+17,NA,"<a href=""http://twitter.com"" rel=""nofollow"">Twitter Web Client</a>",POTUS44,1519,FALSE,FALSE,NA,NA
Proud to nominate Judge Merrick Garland to the Supreme Court. I ask Senators to meet their constitutional duty and give him a fair hearing.,FALSE,34392,NA,3/16/2016 16:30,FALSE,NA,7.10141E+17,NA,"<a href=""http://twitter.com/download/iphone"" rel=""nofollow"">Twitter for iPhone</a>",POTUS44,12009,FALSE,FALSE,NA,NA
"Looking forward to discussing more ways we can modernize government so it's as smart and dynamic as America itself. See you soon, Austin.",FALSE,5707,POTUS44,3/11/2016 17:48,FALSE,7.08347E+17,7.08349E+17,1536791610,"<a href=""http://twitter.com"" rel=""nofollow"">Twitter Web Client</a>",POTUS44,1950,FALSE,FALSE,NA,NA
Seniors can now apply for Social Security benefits online: https://t.co/jPEHLkNxfk,FALSE,3115,POTUS44,3/11/2016 17:40,FALSE,7.08346E+17,7.08347E+17,1536791610,"<a href=""http://twitter.com"" rel=""nofollow"">Twitter Web Client</a>",POTUS44,1168,FALSE,FALSE,NA,NA
Nearly 1 in 3 American families struggle to afford diapers. We're working with the private sector to help fix this. https://t.co/fxvdOCFeET,FALSE,4341,POTUS44,3/11/2016 17:37,FALSE,7.08345E+17,7.08346E+17,1536791610,"<a href=""http://twitter.com"" rel=""nofollow"">Twitter Web Client</a>",POTUS44,1888,FALSE,FALSE,NA,NA
"Immigrants can now apply online to renew their green cards faster, and prep for the citizenship civics test online.",FALSE,4660,POTUS44,3/11/2016 17:33,FALSE,7.08344E+17,7.08345E+17,1536791610,"<a href=""http://twitter.com"" rel=""nofollow"">Twitter Web Client</a>",POTUS44,2174,FALSE,FALSE,NA,NA
We've cut the time it takes students to apply for financial aid by two-thirds thanks to a simplified FAFSA form: https://t.co/WDD1UrSXIR,FALSE,3884,POTUS44,3/11/2016 17:29,FALSE,7.08344E+17,7.08344E+17,1536791610,"<a href=""http://twitter.com"" rel=""nofollow"">Twitter Web Client</a>",POTUS44,1498,FALSE,FALSE,NA,NA
"At #SXSW, I'll make the case that tech and innovation can make government work better for everyone. Here's how it's working better already:",FALSE,8025,NA,3/11/2016 17:28,FALSE,NA,7.08344E+17,NA,"<a href=""http://twitter.com"" rel=""nofollow"">Twitter Web Client</a>",POTUS44,2508,FALSE,FALSE,NA,NA
"Happy #InternationalWomensDay! When women are free to pursue their dreams, nations are more safe, more secure, and more prosperous.",FALSE,37115,NA,3/8/2016 21:54,FALSE,NA,7.07324E+17,NA,"<a href=""http://twitter.com"" rel=""nofollow"">Twitter Web Client</a>",POTUS44,19936,FALSE,FALSE,NA,NA
"Welcome back to Earth, @StationCDRKelly! Your year in space is vital to the future of American space travel. Hope gravity isn't a drag!",FALSE,41363,NA,3/2/2016 18:01,FALSE,NA,7.05091E+17,NA,"<a href=""http://twitter.com/download/iphone"" rel=""nofollow"">Twitter for iPhone</a>",POTUS44,11661,FALSE,FALSE,NA,NA
Play ball! https://t.co/S4DhVYa4Ef,FALSE,6438,NA,3/2/2016 0:34,FALSE,NA,7.04827E+17,NA,"<a href=""http://twitter.com/download/iphone"" rel=""nofollow"">Twitter for iPhone</a>",POTUS44,2296,FALSE,FALSE,NA,NA
"Isiah, I'm so proud of you. Your kindness and willingness to help others is why I'm so hopeful for our future. https://t.co/RakSNxe7rk",FALSE,13120,NA,2/26/2016 23:23,FALSE,NA,7.0336E+17,NA,"<a href=""http://twitter.com/download/iphone"" rel=""nofollow"">Twitter for iPhone</a>",POTUS44,5290,FALSE,FALSE,NA,NA
We've made big strides in the fight against Malaria - saving millions of lives. That's American leadership at work. https://t.co/jVdeE4Qktw,FALSE,7396,NA,2/22/2016 20:49,FALSE,NA,7.01872E+17,NA,"<a href=""http://twitter.com/download/iphone"" rel=""nofollow"">Twitter for iPhone</a>",POTUS44,2581,FALSE,FALSE,NA,NA
Here's how we're looking at the road ahead: https://t.co/a0KcsmpF39,FALSE,4805,POTUS44,2/18/2016 14:07,FALSE,7.0032E+17,7.00321E+17,1536791610,"<a href=""http://twitter.com/download/iphone"" rel=""nofollow"">Twitter for iPhone</a>",POTUS44,2087,FALSE,FALSE,NA,NA
"Next month, I'll travel to Cuba to advance our progress and efforts that can improve the lives of the Cuban people.",FALSE,12999,POTUS44,2/18/2016 14:05,FALSE,7.0032E+17,7.0032E+17,1536791610,"<a href=""http://twitter.com/download/iphone"" rel=""nofollow"">Twitter for iPhone</a>",POTUS44,6820,FALSE,FALSE,NA,NA
We still have differences with the Cuban government that I will raise directly. America will always stand for human rights around the world.,FALSE,5177,POTUS44,2/18/2016 14:03,FALSE,7.00319E+17,7.0032E+17,1536791610,"<a href=""http://twitter.com/download/iphone"" rel=""nofollow"">Twitter for iPhone</a>",POTUS44,2447,FALSE,FALSE,NA,NA
Our flag flies over our Embassy in Havana once again. More Americans are traveling to Cuba than at any time in the last 50 years.,FALSE,5194,POTUS44,2/18/2016 14:01,FALSE,7.00319E+17,7.00319E+17,1536791610,"<a href=""http://twitter.com/download/iphone"" rel=""nofollow"">Twitter for iPhone</a>",POTUS44,2277,FALSE,FALSE,NA,NA
"14 months ago, I announced that we would begin normalizing relations with Cuba - and we've already made significant progress.",FALSE,12011,NA,2/18/2016 14:00,FALSE,NA,7.00319E+17,NA,"<a href=""http://twitter.com/download/iphone"" rel=""nofollow"">Twitter for iPhone</a>",POTUS44,3167,FALSE,FALSE,NA,NA
Got a view yesterday of the lands we protected in CA. We owe it to our kids to preserve America's natural beauty. https://t.co/8OR9MrupyG,FALSE,26644,NA,2/13/2016 18:30,FALSE,NA,6.98575E+17,NA,"<a href=""http://twitter.com/download/iphone"" rel=""nofollow"">Twitter for iPhone</a>",POTUS44,7175,FALSE,FALSE,NA,NA
Einstein was right! Congrats to @NSF and @LIGO on detecting gravitational waves - a huge breakthrough in how we understand the universe.,FALSE,21213,NA,2/11/2016 23:43,FALSE,NA,6.97929E+17,NA,"<a href=""http://twitter.com"" rel=""nofollow"">Twitter Web Client</a>",POTUS44,9119,FALSE,FALSE,NA,NA
"Way to ace your AP Calc test, Landon! You should come drop some knowledge at the White House Science Fair: https://t.co/hFaAgxVdEE",FALSE,5923,NA,2/11/2016 16:48,FALSE,NA,6.97824E+17,NA,"<a href=""http://twitter.com"" rel=""nofollow"">Twitter Web Client</a>",POTUS44,1566,FALSE,FALSE,NA,NA
"Just got off the phone with Coach Kubiak. Congrats to Peyton, Von Miller, and that monster @Broncos defense - see you at the White House!",FALSE,16421,NA,2/9/2016 22:30,FALSE,NA,6.97186E+17,NA,"<a href=""http://twitter.com"" rel=""nofollow"">Twitter Web Client</a>",POTUS44,6168,FALSE,FALSE,NA,NA
Just got great news - nearly 13 million Americans signed up this round for private health insurance thanks to the Affordable Care Act.,FALSE,15215,NA,2/4/2016 23:00,FALSE,NA,6.95381E+17,NA,"<a href=""http://twitter.com"" rel=""nofollow"">Twitter Web Client</a>",POTUS44,3948,FALSE,FALSE,NA,NA
Cedrick; way to go on your perfect score! How about you come by the next White House Science Fair? https://t.co/r8TGIJICh7,FALSE,7056,NA,1/31/2016 17:01,FALSE,NA,6.93842E+17,NA,"<a href=""http://twitter.com/download/iphone"" rel=""nofollow"">Twitter for iPhone</a>",POTUS44,2089,FALSE,FALSE,NA,NA
"If you or someone you care about needs affordable health coverage, head over to https://t.co/A3qPizu4p2. Today's the last day to sign up!",FALSE,5810,NA,1/31/2016 15:30,FALSE,NA,6.93819E+17,NA,"<a href=""http://twitter.com/download/iphone"" rel=""nofollow"">Twitter for iPhone</a>",POTUS44,3344,FALSE,FALSE,NA,NA
We just took an important step on equal pay. Let's keep at it until every woman &amp; girl gets a fair shot at success: https://t.co/OJAsaK6ImG,FALSE,8690,NA,1/29/2016 17:00,FALSE,NA,6.93117E+17,NA,"<a href=""http://twitter.com"" rel=""nofollow"">Twitter Web Client</a>",POTUS44,4453,FALSE,FALSE,NA,NA
The science couldn't be clearer - we owe it to our kids to do everything we can to combat climate change. https://t.co/497Wkkve58,FALSE,26555,NA,1/25/2016 21:33,FALSE,NA,6.91736E+17,NA,"<a href=""http://twitter.com/download/iphone"" rel=""nofollow"">Twitter for iPhone</a>",POTUS44,16575,FALSE,FALSE,NA,NA
Seven years ago I bet on American workers and the American auto industry. I’d make that bet again any day of the week.,FALSE,5374,POTUS44,1/20/2016 16:14,FALSE,6.89842E+17,6.89843E+17,1536791610,"<a href=""http://twitter.com"" rel=""nofollow"">Twitter Web Client</a>",POTUS44,1788,FALSE,FALSE,NA,NA
Cars and trucks made in the USA are more fuel efficient than ever before – and still the best in the world.,FALSE,3699,POTUS44,1/20/2016 16:09,FALSE,6.89841E+17,6.89842E+17,1536791610,"<a href=""http://twitter.com"" rel=""nofollow"">Twitter Web Client</a>",POTUS44,1175,FALSE,FALSE,NA,NA
"American automakers have added more than 640,000 jobs since mid-2009 – the strongest job growth on record. https://t.co/kLruJgpZI1",FALSE,2510,POTUS44,1/20/2016 16:05,FALSE,6.89841E+17,6.89841E+17,1536791610,"<a href=""http://twitter.com"" rel=""nofollow"">Twitter Web Client</a>",POTUS44,1290,FALSE,FALSE,NA,NA
"In 2009, auto sales hit a 27-year low. Last year, they hit an all-time high. https://t.co/pDc8W8mtb5",FALSE,3184,POTUS44,1/20/2016 16:02,FALSE,6.8984E+17,6.89841E+17,1536791610,"<a href=""http://twitter.com"" rel=""nofollow"">Twitter Web Client</a>",POTUS44,1631,FALSE,FALSE,NA,NA
Headed to the Detroit Auto Show today to showcase how our auto industry has come roaring back from the financial crisis. Here are the stats:,FALSE,7776,NA,1/20/2016 16:00,FALSE,NA,6.8984E+17,NA,"<a href=""http://twitter.com"" rel=""nofollow"">Twitter Web Client</a>",POTUS44,2098,FALSE,FALSE,NA,NA
Today we honor a man who challenged us to bend the arc of the moral universe toward justice. Let's keep working to realize Dr. King's dream.,FALSE,50552,NA,1/18/2016 15:03,FALSE,NA,6.89101E+17,NA,"<a href=""http://twitter.com/download/iphone"" rel=""nofollow"">Twitter for iPhone</a>",POTUS44,31591,FALSE,FALSE,NA,NA
"Alright everyone, this was a lot of fun. Thanks for the great conversation. i'll be back soon!",FALSE,6196,NA,1/14/2016 18:13,FALSE,NA,6.87699E+17,NA,"<a href=""http://twitter.com"" rel=""nofollow"">Twitter Web Client</a>",POTUS44,1192,FALSE,FALSE,NA,NA
places to start - @GabbyGiffords's https://t.co/ATm1M4iMgU and @Everytown,FALSE,1965,POTUS44,1/14/2016 18:12,FALSE,6.87698E+17,6.87699E+17,1536791610,"<a href=""http://twitter.com"" rel=""nofollow"">Twitter Web Client</a>",POTUS44,695,FALSE,FALSE,NA,NA
great - we need well-meaning folks from all stripes to get info on how we can respect 2A and reduce gun violence https://t.co/dZ0vRltrZg,FALSE,2098,NA,1/14/2016 18:11,FALSE,NA,6.87698E+17,NA,"<a href=""http://twitter.com"" rel=""nofollow"">Twitter Web Client</a>",POTUS44,712,FALSE,FALSE,NA,NA
"the night aca passed; standing on truman balcony with all staff whod made it happen, knowing we'd helped millions. https://t.co/eUr3rZ3UN7",FALSE,4712,NA,1/14/2016 18:08,FALSE,NA,6.87698E+17,NA,"<a href=""http://twitter.com"" rel=""nofollow"">Twitter Web Client</a>",POTUS44,1469,FALSE,FALSE,NA,NA
despite court cases like citizens united ill work with orgs/states across US to find new ways 2 reduce $ in politics https://t.co/fuTdewJcyh,FALSE,1767,NA,1/14/2016 18:06,FALSE,NA,6.87697E+17,NA,"<a href=""http://twitter.com"" rel=""nofollow"">Twitter Web Client</a>",POTUS44,628,FALSE,FALSE,NA,NA
"so we all need to speak out against bias and stereotypes, to protect the freedom of others, and our own as well.",FALSE,5177,POTUS44,1/14/2016 18:01,FALSE,6.87696E+17,6.87696E+17,1536791610,"<a href=""http://twitter.com"" rel=""nofollow"">Twitter Web Client</a>",POTUS44,3033,FALSE,FALSE,NA,NA
overwhelming majority of americans understand of diversity and religious pluralism is one of our greatest strengths  https://t.co/AM1JLoA1TI,FALSE,3155,NA,1/14/2016 17:59,FALSE,NA,6.87696E+17,NA,"<a href=""http://twitter.com"" rel=""nofollow"">Twitter Web Client</a>",POTUS44,1414,FALSE,FALSE,NA,NA
"health care inflation lowest in decades since ACA passed; problem is more costs passed to workers thru copays, etc. https://t.co/ElBcrjxa6L",FALSE,1586,NA,1/14/2016 17:57,FALSE,NA,6.87695E+17,NA,"<a href=""http://twitter.com"" rel=""nofollow"">Twitter Web Client</a>",POTUS44,631,FALSE,FALSE,NA,NA
"love em all, but as a bulls fan got to go with mj. in baton rouge, just met lsu freshman ben simmons - will be great https://t.co/Du1gflVYp4",FALSE,6427,NA,1/14/2016 17:55,FALSE,NA,6.87695E+17,NA,"<a href=""http://twitter.com"" rel=""nofollow"">Twitter Web Client</a>",POTUS44,3719,FALSE,FALSE,NA,NA
"new power plant rule reduces biggest source of CO2; now we need to invest in clean energy tech, energy efficiency. https://t.co/gQg3FEHXxo",FALSE,2196,NA,1/14/2016 17:54,FALSE,NA,6.87694E+17,NA,"<a href=""http://twitter.com"" rel=""nofollow"">Twitter Web Client</a>",POTUS44,955,FALSE,FALSE,NA,NA
new LA gov edwards just expanded medicaid; gets 1000s coverage &amp; helps the state budget. more states need to follow  https://t.co/08mDX2H4Pt,FALSE,1908,NA,1/14/2016 17:51,FALSE,NA,6.87694E+17,NA,"<a href=""http://twitter.com"" rel=""nofollow"">Twitter Web Client</a>",POTUS44,834,FALSE,FALSE,NA,NA
"Expanded pell grants, capped loan repayments at 10% income, but now want to also make 2 yrs community college free. https://t.co/RS9XFDpp9c",FALSE,5133,NA,1/14/2016 17:48,FALSE,NA,6.87693E+17,NA,"<a href=""http://twitter.com"" rel=""nofollow"">Twitter Web Client</a>",POTUS44,2913,FALSE,FALSE,NA,NA
"Before I start, wanted to share this. Liberia is now Ebola-free. Great example of what we can achieve when we lead. https://t.co/qjVcwg8tIi",FALSE,7159,NA,1/14/2016 17:45,FALSE,NA,6.87692E+17,NA,"<a href=""http://twitter.com/download/iphone"" rel=""nofollow"">Twitter for iPhone</a>",POTUS44,3135,FALSE,FALSE,NA,NA
Hey everyone! Ready to answer your questions here at McKinley High School in Baton Rouge. Let's do this. #AskPOTUS https://t.co/jA1MEbwcxg,FALSE,5142,NA,1/14/2016 17:45,FALSE,NA,6.87692E+17,NA,"<a href=""http://twitter.com/download/iphone"" rel=""nofollow"">Twitter for iPhone</a>",POTUS44,1647,FALSE,FALSE,NA,NA
Looking forward to hearing your ideas about what we can accomplish this year &amp; beyond. I'll answer your questions on #AskPOTUS at 12:30p ET.,FALSE,3630,NA,1/14/2016 14:59,FALSE,NA,6.8765E+17,NA,"<a href=""http://twitter.com/download/iphone"" rel=""nofollow"">Twitter for iPhone</a>",POTUS44,1337,FALSE,FALSE,NA,NA
"I'm treating this last State of the Union just like my first - because I'm still just as hungry. I hope you tune in, because it's for you.",FALSE,42240,NA,1/13/2016 1:20,FALSE,NA,6.87082E+17,NA,"<a href=""http://twitter.com/download/iphone"" rel=""nofollow"">Twitter for iPhone</a>",POTUS44,17542,FALSE,FALSE,NA,NA
"So proud of you, Scott. How long is the delay up there? See you when you get back!  https://t.co/doBpaDeZXq",FALSE,9602,NA,1/12/2016 22:58,FALSE,NA,6.87046E+17,NA,"<a href=""http://twitter.com/download/iphone"" rel=""nofollow"">Twitter for iPhone</a>",POTUS44,2468,FALSE,FALSE,NA,NA
"About time, Denis! Welcome. Let me know if you need any pointers. https://t.co/WullueHj28",FALSE,3438,NA,1/6/2016 22:21,FALSE,NA,6.84862E+17,NA,"<a href=""http://twitter.com/download/iphone"" rel=""nofollow"">Twitter for iPhone</a>",POTUS44,896,FALSE,FALSE,NA,NA
"The gun lobby may be holding Congress hostage, but they can't hold America hostage. We can't accept this carnage in our communities.",FALSE,23829,POTUS44,1/4/2016 23:46,FALSE,6.84158E+17,6.84159E+17,1536791610,"<a href=""http://twitter.com"" rel=""nofollow"">Twitter Web Client</a>",POTUS44,12395,FALSE,FALSE,NA,NA
What's often ignored in this debate is that a majority of gun owners agree with commonsense steps to save lives.,FALSE,12428,POTUS44,1/4/2016 23:41,FALSE,6.84156E+17,6.84158E+17,1536791610,"<a href=""http://twitter.com"" rel=""nofollow"">Twitter Web Client</a>",POTUS44,5197,FALSE,FALSE,NA,NA
"We will keep guns out of the wrong hands, enforce our guns laws, and ensure those with serious mental illnesses get treatment.",FALSE,10522,POTUS44,1/4/2016 23:36,FALSE,6.84156E+17,6.84156E+17,1536791610,"<a href=""http://twitter.com"" rel=""nofollow"">Twitter Web Client</a>",POTUS44,5256,FALSE,FALSE,NA,NA
"Tomorrow, I'm taking action to reduce gun violence and save lives - protecting the Second Amendment and our kids. https://t.co/vNqXEhaC9M",FALSE,14799,POTUS44,1/4/2016 23:32,FALSE,6.84155E+17,6.84156E+17,1536791610,"<a href=""http://twitter.com"" rel=""nofollow"">Twitter Web Client</a>",POTUS44,8738,FALSE,FALSE,NA,NA
"Guns now kill as many people as cars in almost half of the U.S. We can't stop every act of violence, but we can save lives if we act.",FALSE,9735,POTUS44,1/4/2016 23:29,FALSE,6.84154E+17,6.84155E+17,1536791610,"<a href=""http://twitter.com"" rel=""nofollow"">Twitter Web Client</a>",POTUS44,6134,FALSE,FALSE,NA,NA
"Each year, more than 30,000 American lives are cut short by guns - two-thirds coming from suicides. Too many Americans have lost loved ones.",FALSE,18043,NA,1/4/2016 23:26,FALSE,NA,6.84154E+17,NA,"<a href=""http://twitter.com"" rel=""nofollow"">Twitter Web Client</a>",POTUS44,8946,FALSE,FALSE,NA,NA
"From the Obama family to yours, Merry Christmas! And a special thank you to all our men and women in uniform this holiday season.",FALSE,29616,NA,12/25/2015 19:04,FALSE,NA,6.80464E+17,NA,"<a href=""http://twitter.com/download/iphone"" rel=""nofollow"">Twitter for iPhone</a>",POTUS44,7764,FALSE,FALSE,NA,NA
I'm proud of the @NBA for taking a stand against gun violence. Sympathy for victims isn't enough – change requires all of us speaking up.,FALSE,16659,NA,12/23/2015 21:21,FALSE,NA,6.79774E+17,NA,"<a href=""http://twitter.com/download/iphone"" rel=""nofollow"">Twitter for iPhone</a>",POTUS44,7099,FALSE,FALSE,NA,NA
Zaevion Dobson died saving three friends from getting shot. He was a hero at 15. What's our excuse for not acting? https://t.co/hn98uGsjKZ,FALSE,22962,NA,12/20/2015 19:22,FALSE,NA,6.78657E+17,NA,"<a href=""http://twitter.com/download/iphone"" rel=""nofollow"">Twitter for iPhone</a>",POTUS44,16705,FALSE,FALSE,NA,NA
"Congrats on a great career, Abby Wambach. For the goals you’ve scored &amp; the kids you’ve inspired, you’re the GOAT! https://t.co/Kud56ChsBO",FALSE,28929,NA,12/16/2015 20:24,FALSE,NA,6.77223E+17,NA,"<a href=""http://twitter.com"" rel=""nofollow"">Twitter Web Client</a>",POTUS44,12760,FALSE,FALSE,NA,NA
"The strong Paris agreement on climate means a safer, more secure world for our kids. A perfect example of what American leadership can do.",FALSE,11965,NA,12/12/2015 22:58,FALSE,NA,6.75812E+17,NA,"<a href=""http://twitter.com/download/iphone"" rel=""nofollow"">Twitter for iPhone</a>",POTUS44,4582,FALSE,FALSE,NA,NA
The opioid epidemic is destroying lives. We need to put treatment within reach of anyone who needs it. https://t.co/RJfKkield9,FALSE,4185,NA,12/10/2015 21:21,FALSE,NA,6.75063E+17,NA,"<a href=""http://twitter.com/download/iphone"" rel=""nofollow"">Twitter for iPhone</a>",POTUS44,2326,FALSE,FALSE,NA,NA
"Herzlichen Glückwunsch to my friend and Time's Person of the Year, Angela Merkel! Thanks for your moral leadership and strong partnership.",FALSE,8352,NA,12/9/2015 23:42,FALSE,NA,6.74736E+17,NA,"<a href=""http://twitter.com/download/iphone"" rel=""nofollow"">Twitter for iPhone</a>",POTUS44,2908,FALSE,FALSE,NA,NA
"150 years since the abolition of slavery, a turning point in our history. Progress - that's our story.",FALSE,13896,NA,12/9/2015 16:03,FALSE,NA,6.7462E+17,NA,"<a href=""http://twitter.com/download/iphone"" rel=""nofollow"">Twitter for iPhone</a>",POTUS44,5843,FALSE,FALSE,NA,NA
"Addressing climate change takes all of us, especially the private sector going all-in on clean energy worldwide. https://t.co/qQ6wCZUR1Z",FALSE,7732,NA,11/30/2015 16:31,FALSE,NA,6.71366E+17,NA,"<a href=""http://twitter.com/download/iphone"" rel=""nofollow"">Twitter for iPhone</a>",POTUS44,3978,FALSE,FALSE,NA,NA
Good news: the world now adds more clean power capacity each year than dirtier fossil-fuel based power capacity. https://t.co/nrNiwDAKuN,FALSE,8197,NA,11/29/2015 22:31,FALSE,NA,6.71094E+17,NA,"<a href=""http://twitter.com/download/iphone"" rel=""nofollow"">Twitter for iPhone</a>",POTUS44,4805,FALSE,FALSE,NA,NA
Enjoyed stopping by Upshur Street Books today. Celebrate Small Business Saturday by supporting a business near you. https://t.co/udTcIhxtOC,FALSE,7789,NA,11/28/2015 23:24,FALSE,NA,6.70745E+17,NA,"<a href=""http://twitter.com/download/iphone"" rel=""nofollow"">Twitter for iPhone</a>",POTUS44,2226,FALSE,FALSE,NA,NA
"Happy Thanksgiving, everyone! Today, we give thanks for all of our loved ones and the brave men and women in uniform who serve our country.",FALSE,21748,NA,11/26/2015 17:01,FALSE,NA,6.69924E+17,NA,"<a href=""http://twitter.com/download/iphone"" rel=""nofollow"">Twitter for iPhone</a>",POTUS44,7759,FALSE,FALSE,NA,NA
Slamming the door in the face of refugees would betray our deepest values. That's not who we are. And it's not what we're going to do.,FALSE,65973,POTUS44,11/18/2015 16:49,FALSE,6.67021E+17,6.67022E+17,1536791610,"<a href=""http://twitter.com/download/iphone"" rel=""nofollow"">Twitter for iPhone</a>",POTUS44,46659,FALSE,FALSE,NA,NA
Welcoming the world’s vulnerable who seek the safety of America is not new to us. We've safely welcomed 3 million refugees since 1975.,FALSE,17960,POTUS44,11/18/2015 16:46,FALSE,6.6702E+17,6.67021E+17,1536791610,"<a href=""http://twitter.com/download/iphone"" rel=""nofollow"">Twitter for iPhone</a>",POTUS44,9903,FALSE,FALSE,NA,NA
"Here, our focus is giving safe haven to the most vulnerable Syrians – women, children, and survivors of torture.",FALSE,9504,POTUS44,11/18/2015 16:44,FALSE,6.6702E+17,6.6702E+17,1536791610,"<a href=""http://twitter.com/download/iphone"" rel=""nofollow"">Twitter for iPhone</a>",POTUS44,5304,FALSE,FALSE,NA,NA
"We will provide refuge to at least 10,000 refugees fleeing violence in Syria over the next year after they pass the highest security checks.",FALSE,12450,POTUS44,11/18/2015 16:41,FALSE,6.67019E+17,6.6702E+17,1536791610,"<a href=""http://twitter.com/download/iphone"" rel=""nofollow"">Twitter for iPhone</a>",POTUS44,7185,FALSE,FALSE,NA,NA
We also win this fight with our values. America can ensure our own security while welcoming refugees desperately seeking safety from ISIL.,FALSE,8100,POTUS44,11/18/2015 16:39,FALSE,6.67019E+17,6.67019E+17,1536791610,"<a href=""http://twitter.com/download/iphone"" rel=""nofollow"">Twitter for iPhone</a>",POTUS44,4449,FALSE,FALSE,NA,NA
"Protecting the American people is my top priority. With our 65 global partners, we're leading the campaign to degrade and destroy ISIL.",FALSE,14645,NA,11/18/2015 16:37,FALSE,NA,6.67019E+17,NA,"<a href=""http://twitter.com/download/iphone"" rel=""nofollow"">Twitter for iPhone</a>",POTUS44,6146,FALSE,FALSE,NA,NA
"This is an American hero: Capt. Groberg put it all on the line for his team. On his worst day, he gave us his best. https://t.co/WdWAPswJpE",FALSE,12862,NA,11/12/2015 17:13,FALSE,NA,6.64853E+17,NA,"<a href=""http://twitter.com/download/iphone"" rel=""nofollow"">Twitter for iPhone</a>",POTUS44,4187,FALSE,FALSE,NA,NA
"Today, we honor the incredible men and women who have served our country. Their sacrifice and selflessness is second to none.",FALSE,17825,NA,11/11/2015 15:35,FALSE,NA,6.64466E+17,NA,"<a href=""http://twitter.com/download/iphone"" rel=""nofollow"">Twitter for iPhone</a>",POTUS44,10180,FALSE,FALSE,NA,NA
I just launched my Facebook page with a video on climate change. America will lead on this. The time to act is now. https://t.co/WG5y1FbhIA,FALSE,6698,NA,11/9/2015 20:20,FALSE,NA,6.63814E+17,NA,"<a href=""http://twitter.com/download/iphone"" rel=""nofollow"">Twitter for iPhone</a>",POTUS44,3092,FALSE,FALSE,NA,NA
"Every American deserves quality, affordable health care. If you or a friend needs coverage, go to https://t.co/PJ7xIL6FjY and sign up now.",FALSE,5567,NA,11/1/2015 17:10,FALSE,NA,6.60866E+17,NA,"<a href=""http://twitter.com/download/iphone"" rel=""nofollow"">Twitter for iPhone</a>",POTUS44,2918,FALSE,FALSE,NA,NA
Who knew community policing could involve the Nae Nae? Great example of police having fun while keeping us safe: https://t.co/ZGeTDm6OYw,FALSE,7664,NA,10/29/2015 16:55,FALSE,NA,6.59775E+17,NA,"<a href=""http://twitter.com/download/iphone"" rel=""nofollow"">Twitter for iPhone</a>",POTUS44,4699,FALSE,FALSE,NA,NA
Good to be home for a night. Even better to see the @chicagobulls start the season off right! #SeeRed,FALSE,18661,NA,10/28/2015 2:35,FALSE,NA,6.59197E+17,NA,"<a href=""http://twitter.com/download/iphone"" rel=""nofollow"">Twitter for iPhone</a>",POTUS44,9780,FALSE,FALSE,NA,NA
Our thoughts are with the Mexican people as they brace for Hurricane Patricia. USAID disaster experts are on the ground and ready to help.,FALSE,24156,NA,10/23/2015 19:33,FALSE,NA,6.57641E+17,NA,"<a href=""http://twitter.com/#!/download/ipad"" rel=""nofollow"">Twitter for iPad</a>",POTUS44,19166,FALSE,FALSE,NA,NA
"Happy Back to the Future Day, @RealMikeFox! Ever think about the fact that we live in the future we dreamed of then? That's heavy, man.",FALSE,34207,NA,10/21/2015 20:13,FALSE,NA,6.56926E+17,NA,"<a href=""http://twitter.com/download/iphone"" rel=""nofollow"">Twitter for iPhone</a>",POTUS44,19181,FALSE,FALSE,NA,NA
So I'm eager to hear from folks in Charleston today on actions we can take to put recovery within reach for anyone who needs it.,FALSE,2577,POTUS44,10/21/2015 18:05,FALSE,6.56893E+17,6.56894E+17,1536791610,"<a href=""http://twitter.com"" rel=""nofollow"">Twitter Web Client</a>",POTUS44,999,FALSE,FALSE,NA,NA
Congrats @Cubs - even @whitesox fans are rooting for you!,FALSE,18584,NA,10/14/2015 0:39,FALSE,NA,6.54094E+17,NA,"<a href=""http://twitter.com/download/iphone"" rel=""nofollow"">Twitter for iPhone</a>",POTUS44,9584,FALSE,FALSE,NA,NA
"Thanks, Zack. https://t.co/gOGzWmYdxQ",FALSE,14384,NA,10/2/2015 0:52,FALSE,NA,6.49749E+17,NA,"<a href=""http://twitter.com/download/iphone"" rel=""nofollow"">Twitter for iPhone</a>",POTUS44,10266,FALSE,FALSE,NA,NA
We have a moral responsibility to do what we can for families forced from their homes. Find out how you can help at http://t.co/J8A6mTD6D4.,FALSE,4757,POTUS44,9/28/2015 17:05,FALSE,6.48543E+17,6.48544E+17,1536791610,"<a href=""http://twitter.com/download/iphone"" rel=""nofollow"">Twitter for iPhone</a>",POTUS44,2582,FALSE,FALSE,NA,NA
But this isn't just about what I can do as President. Every single one of us - from citizens to NGOs - can help refugees find safe haven.,FALSE,3927,POTUS44,9/28/2015 17:03,FALSE,6.48543E+17,6.48543E+17,1536791610,"<a href=""http://twitter.com/download/iphone"" rel=""nofollow"">Twitter for iPhone</a>",POTUS44,1710,FALSE,FALSE,NA,NA
"We're also increasing the number of Syrian and other refugees we admit to the U.S. to 100,000 per year for the next two years.",FALSE,4607,POTUS44,9/28/2015 17:01,FALSE,6.48543E+17,6.48543E+17,1536791610,"<a href=""http://twitter.com/download/iphone"" rel=""nofollow"">Twitter for iPhone</a>",POTUS44,5250,FALSE,FALSE,NA,NA
We've provided more than $4.5 billion in humanitarian aid to help meet the needs of those impacted by the Syrian conflict.,FALSE,2499,POTUS44,9/28/2015 17:00,FALSE,6.48542E+17,6.48543E+17,1536791610,"<a href=""http://twitter.com/download/iphone"" rel=""nofollow"">Twitter for iPhone</a>",POTUS44,1303,FALSE,FALSE,NA,NA
"Nearly 12 million people have been displaced by the conflict in Syria. As Americans, we can't sit idly by. That's not who we are.",FALSE,8314,NA,9/28/2015 16:58,FALSE,NA,6.48542E+17,NA,"<a href=""http://twitter.com/download/iphone"" rel=""nofollow"">Twitter for iPhone</a>",POTUS44,4025,FALSE,FALSE,NA,NA
I'm grateful for the teachers who helped spark my sense of curiosity. The #62MillionGirls who aren't in school should have that same chance.,FALSE,14606,NA,9/26/2015 23:15,FALSE,NA,6.47912E+17,NA,"<a href=""http://twitter.com/download/iphone"" rel=""nofollow"">Twitter for iPhone</a>",POTUS44,8140,FALSE,FALSE,NA,NA
"Yogi Berra was an American original - a Hall of Famer, jovial prophet, &amp; a humble veteran. We'll miss you, Yogi, but your legacy ain't over.",FALSE,11369,NA,9/23/2015 20:42,FALSE,NA,6.46787E+17,NA,"<a href=""http://twitter.com/download/iphone"" rel=""nofollow"">Twitter for iPhone</a>",POTUS44,5033,FALSE,FALSE,NA,NA
"Welcome to the White House, @Pontifex! Your messages of love, hope, and peace have inspired us all.",FALSE,14607,NA,9/23/2015 12:45,FALSE,NA,6.46667E+17,NA,"<a href=""http://twitter.com/download/iphone"" rel=""nofollow"">Twitter for iPhone</a>",POTUS44,6943,FALSE,FALSE,NA,NA
Millions of families are more secure thanks to the ACA. Join them and #GetCovered on Nov 1: http://t.co/PJ7xIL6FjY  https://t.co/GF6yS0aHol,FALSE,1955,NA,9/22/2015 18:27,FALSE,NA,6.4639E+17,NA,"<a href=""http://twitter.com/download/iphone"" rel=""nofollow"">Twitter for iPhone</a>",POTUS44,999,FALSE,FALSE,NA,NA
Our right to vote is sacred. It's the foundation of our democracy. You can find out how to register to vote at http://t.co/8kaqY0U3fn.,FALSE,5450,NA,9/22/2015 15:52,FALSE,NA,6.46351E+17,NA,"<a href=""http://twitter.com/download/iphone"" rel=""nofollow"">Twitter for iPhone</a>",POTUS44,3974,FALSE,FALSE,NA,NA
"Cool clock, Ahmed. Want to bring it to the White House? We should inspire more kids like you to like science. It's what makes America great.",FALSE,435226,NA,9/16/2015 16:58,FALSE,NA,6.44194E+17,NA,"<a href=""http://twitter.com/download/iphone"" rel=""nofollow"">Twitter for iPhone</a>",POTUS44,400616,FALSE,FALSE,NA,NA
We've fought back because of you. We shouldn't slip back because of Congress. I urge them to send me a budget that invests in our future.,FALSE,7587,POTUS44,9/15/2015 20:36,FALSE,6.43885E+17,6.43886E+17,1536791610,"<a href=""http://twitter.com"" rel=""nofollow"">Twitter Web Client</a>",POTUS44,2883,FALSE,FALSE,NA,NA
"When I took office, the budget deficit had reached 9.2% of our GDP. We've cut that down to 2.8%. http://t.co/3viaw4b0bB",FALSE,10806,POTUS44,9/15/2015 20:33,FALSE,6.43885E+17,6.43885E+17,1536791610,"<a href=""http://twitter.com"" rel=""nofollow"">Twitter Web Client</a>",POTUS44,6799,FALSE,FALSE,NA,NA
"When I took office, 15.4% of our population was uninsured. Today, we’ve cut that by more than a third. http://t.co/3OOqcz8Oxp",FALSE,5494,POTUS44,9/15/2015 20:30,FALSE,6.43884E+17,6.43885E+17,1536791610,"<a href=""http://twitter.com"" rel=""nofollow"">Twitter Web Client</a>",POTUS44,3683,FALSE,FALSE,NA,NA
"In 2009, our auto industry was flatlining. Now our workers are on pace to sell more American cars and trucks than any year since 2001.",FALSE,4080,POTUS44,9/15/2015 20:27,FALSE,6.43883E+17,6.43884E+17,1536791610,"<a href=""http://twitter.com"" rel=""nofollow"">Twitter Web Client</a>",POTUS44,2678,FALSE,FALSE,NA,NA
We've cut the unemployment rate in half – from a high of 10% down to 5.1%. And we're not done. http://t.co/uRfaSoiGuA,FALSE,6934,POTUS44,9/15/2015 20:24,FALSE,6.43882E+17,6.43883E+17,1536791610,"<a href=""http://twitter.com"" rel=""nofollow"">Twitter Web Client</a>",POTUS44,5343,FALSE,FALSE,NA,NA
"When I took office, 800,000 Americans lost their jobs each month. Our businesses have now added 13.1 million jobs over 66 straight months.",FALSE,7650,POTUS44,9/15/2015 20:21,FALSE,6.43882E+17,6.43882E+17,1536791610,"<a href=""http://twitter.com"" rel=""nofollow"">Twitter Web Client</a>",POTUS44,5829,FALSE,FALSE,NA,NA
"7 years ago today, Lehman Brothers filed for bankruptcy, setting off the worst financial crisis in decades. Here's how far we've come:",FALSE,5828,NA,9/15/2015 20:20,FALSE,NA,6.43882E+17,NA,"<a href=""http://twitter.com"" rel=""nofollow"">Twitter Web Client</a>",POTUS44,3155,FALSE,FALSE,NA,NA
"""@FAFSA"" might be hard to say, but filling it out can help you pay for college. FLOTUS, you're up! #5TimesFAFSA http://t.co/y1Jv8aeGUH",FALSE,5407,NA,9/14/2015 15:06,FALSE,NA,6.43441E+17,NA,"<a href=""http://twitter.com"" rel=""nofollow"">Twitter Web Client</a>",POTUS44,2802,FALSE,FALSE,NA,NA
"14 years after the terrorist attacks of 9/11, we honor those we lost. We salute all who serve to keep us safe. We stand as strong as ever.",FALSE,48577,NA,9/11/2015 13:24,FALSE,NA,6.42328E+17,NA,"<a href=""http://twitter.com/download/iphone"" rel=""nofollow"">Twitter for iPhone</a>",POTUS44,39568,FALSE,FALSE,NA,NA
Today's Senate vote on the Iran deal is a historic step toward preventing Iran from obtaining a nuclear weapon. The world is safer for it.,FALSE,7455,NA,9/10/2015 21:15,FALSE,NA,6.42084E+17,NA,"<a href=""http://twitter.com/download/iphone"" rel=""nofollow"">Twitter for iPhone</a>",POTUS44,2982,FALSE,FALSE,NA,NA
"Thank you, Colin, for putting your experience and expertise behind this important initiative for our country. https://t.co/bSnaLMs8CU",FALSE,5224,NA,9/6/2015 16:45,FALSE,NA,6.40567E+17,NA,"<a href=""http://twitter.com/download/iphone"" rel=""nofollow"">Twitter for iPhone</a>",POTUS44,2643,FALSE,FALSE,NA,NA
I loved Alaska and met so many inspiring people. Have to keep up the fight on climate change for their sake—and ours. http://t.co/HzWW0S6iQc,FALSE,22567,NA,9/3/2015 18:42,FALSE,NA,6.39509E+17,NA,"<a href=""http://twitter.com"" rel=""nofollow"">Twitter Web Client</a>",POTUS44,9005,FALSE,FALSE,NA,NA
"Today we’re returning Mount McKinley to its native name - Denali, a step to reflect the heritage of Alaska Natives. http://t.co/WyzQImKymX",FALSE,29789,NA,8/31/2015 17:31,FALSE,NA,6.38404E+17,NA,"<a href=""http://twitter.com"" rel=""nofollow"">Twitter Web Client</a>",POTUS44,14294,FALSE,FALSE,NA,NA
"In Treme, I was inspired by the progress &amp; people 10 years after Katrina. It gives us hope, but our work isn't done. http://t.co/LDqsARhnZt",FALSE,7675,NA,8/29/2015 21:09,FALSE,NA,6.37734E+17,NA,"<a href=""http://twitter.com/download/iphone"" rel=""nofollow"">Twitter for iPhone</a>",POTUS44,2655,FALSE,FALSE,NA,NA
"Amidst global volatility, Congress should protect the momentum of our growing economy (not kill it). We must avoid shutdown / austerity.",FALSE,3843,NA,8/27/2015 15:27,FALSE,NA,6.36923E+17,NA,"<a href=""http://twitter.com/download/iphone"" rel=""nofollow"">Twitter for iPhone</a>",POTUS44,1588,FALSE,FALSE,NA,NA
The National Park Service: 99 years and 84 million acres strong. Congrats to all who work to protect these treasures. http://t.co/R8RyB9vkVW,FALSE,14139,NA,8/25/2015 17:55,FALSE,NA,6.36236E+17,NA,"<a href=""http://twitter.com"" rel=""nofollow"">Twitter Web Client</a>",POTUS44,5769,FALSE,FALSE,NA,NA
"President Carter is as good a man as they come. Michelle and I are praying for him and Rosalynn. We're all pulling for you, Jimmy.",FALSE,16644,NA,8/20/2015 17:14,FALSE,NA,6.34413E+17,NA,"<a href=""http://twitter.com/download/iphone"" rel=""nofollow"">Twitter for iPhone</a>",POTUS44,6231,FALSE,FALSE,NA,NA
"Due to popular request, here are my vacation playlists: http://t.co/uer5sIl4Vk http://t.co/zHEekHvQBr What's your favorite summer song?",FALSE,13977,NA,8/14/2015 15:30,FALSE,NA,6.32213E+17,NA,"<a href=""http://twitter.com/download/iphone"" rel=""nofollow"">Twitter for iPhone</a>",POTUS44,8271,FALSE,FALSE,NA,NA
Thank you for all you've done to protect our sacred right to vote. It's as important today as it's ever been. https://t.co/ge74wu5nc1,FALSE,4323,NA,8/6/2015 17:30,FALSE,NA,6.29344E+17,NA,"<a href=""http://twitter.com/download/iphone"" rel=""nofollow"">Twitter for iPhone</a>",POTUS44,1823,FALSE,FALSE,NA,NA
"Heroes like @RepJohnLewis, Dr. King, and countless others sacrificed so that all of our voices could be heard. http://t.co/L7kxtWQlYW",FALSE,9285,POTUS44,8/6/2015 17:26,FALSE,6.29342E+17,6.29343E+17,1536791610,"<a href=""http://twitter.com/download/iphone"" rel=""nofollow"">Twitter for iPhone</a>",POTUS44,5064,FALSE,FALSE,NA,NA
"Before 1965, African Americans faced poll taxes, literacy tests, or having to count jellybeans in a jar when they tried to register to vote.",FALSE,7356,POTUS44,8/6/2015 17:23,FALSE,6.29342E+17,6.29342E+17,1536791610,"<a href=""http://twitter.com/download/iphone"" rel=""nofollow"">Twitter for iPhone</a>",POTUS44,5018,FALSE,FALSE,NA,NA
"50 years ago today, President Johnson signed the Voting Rights Act into law, securing the right to vote for millions of African Americans.",FALSE,12656,NA,8/6/2015 17:21,FALSE,NA,6.29342E+17,NA,"<a href=""http://twitter.com/download/iphone"" rel=""nofollow"">Twitter for iPhone</a>",POTUS44,7032,FALSE,FALSE,NA,NA
Pretty incredible time lapse of the dark side of the moon passing Earth from @NASA. American ingenuity at work! http://t.co/JKep9bcxGQ,FALSE,12057,NA,8/5/2015 23:01,FALSE,NA,6.29065E+17,NA,"<a href=""http://twitter.com/download/iphone"" rel=""nofollow"">Twitter for iPhone</a>",POTUS44,7483,FALSE,FALSE,NA,NA
Important detail – there are no secret deals. My staff can brief you on any question about any part of the deal. https://t.co/UO0B5xCOPh,FALSE,5805,NA,8/5/2015 20:46,FALSE,NA,6.29031E+17,NA,"<a href=""http://twitter.com/download/iphone"" rel=""nofollow"">Twitter for iPhone</a>",POTUS44,2752,FALSE,FALSE,NA,NA
The choice is ultimately between diplomacy and war. Iran's nuclear program accelerates if Congress kills this deal. https://t.co/nvBeO1Omko,FALSE,3512,NA,8/5/2015 20:45,FALSE,NA,6.2903E+17,NA,"<a href=""http://twitter.com/download/iphone"" rel=""nofollow"">Twitter for iPhone</a>",POTUS44,1857,FALSE,FALSE,NA,NA
"It's the strongest nuclear deal ever negotiated. There's no such thing as a ""better deal."" Walking away risks war. https://t.co/la7GhQXfzl",FALSE,3680,NA,8/5/2015 20:36,FALSE,NA,6.29028E+17,NA,"<a href=""http://twitter.com/download/iphone"" rel=""nofollow"">Twitter for iPhone</a>",POTUS44,1971,FALSE,FALSE,NA,NA
I refuse to condemn our kids to a planet that's beyond fixing. Let's meet this challenge and #ActOnClimate together.,FALSE,15702,POTUS44,8/3/2015 19:29,FALSE,6.28285E+17,6.28286E+17,1536791610,"<a href=""http://twitter.com/download/iphone"" rel=""nofollow"">Twitter for iPhone</a>",POTUS44,8761,FALSE,FALSE,NA,NA
"Despite what the critics will tell you, this plan will ultimately save the average American family nearly $85 a year on their energy bills.",FALSE,6373,POTUS44,8/3/2015 19:23,FALSE,6.28284E+17,6.28285E+17,1536791610,"<a href=""http://twitter.com/download/iphone"" rel=""nofollow"">Twitter for iPhone</a>",POTUS44,2451,FALSE,FALSE,NA,NA
"Thanks to this plan, there will be 90,000 fewer asthma attacks among our kids and we'll avoid 3,600 premature deaths in 2030.",FALSE,5114,POTUS44,8/3/2015 19:18,FALSE,6.28283E+17,6.28284E+17,1536791610,"<a href=""http://twitter.com/download/iphone"" rel=""nofollow"">Twitter for iPhone</a>",POTUS44,2647,FALSE,FALSE,NA,NA
"It's time to change that. With the Clean Power Plan, by 2030, carbon pollution from power plants will be 32% lower than it was a decade ago.",FALSE,4853,POTUS44,8/3/2015 19:15,FALSE,6.28282E+17,6.28283E+17,1536791610,"<a href=""http://twitter.com/download/iphone"" rel=""nofollow"">Twitter for iPhone</a>",POTUS44,3044,FALSE,FALSE,NA,NA
"Right now, power plants account for about one-third of America’s carbon pollution. That’s more than our cars, airplanes, and homes combined.",FALSE,3590,POTUS44,8/3/2015 19:11,FALSE,6.28281E+17,6.28282E+17,1536791610,"<a href=""http://twitter.com/download/iphone"" rel=""nofollow"">Twitter for iPhone</a>",POTUS44,2531,FALSE,FALSE,NA,NA
"Levels of carbon dioxide in our atmosphere are higher than they’ve been in 800,000 years. 2014 was the planet’s warmest year on record.",FALSE,4725,POTUS44,8/3/2015 19:06,FALSE,6.28281E+17,6.28281E+17,1536791610,"<a href=""http://twitter.com/download/iphone"" rel=""nofollow"">Twitter for iPhone</a>",POTUS44,4053,FALSE,FALSE,NA,NA
"Today, we're announcing America's Clean Power Plan—the most important step we've ever taken to combat climate change. Here are the facts:",FALSE,12220,NA,8/3/2015 19:06,FALSE,NA,6.28281E+17,NA,"<a href=""http://twitter.com/download/iphone"" rel=""nofollow"">Twitter for iPhone</a>",POTUS44,5400,FALSE,FALSE,NA,NA
"Hey @StationCDRKelly, loving the photos. Do you ever look out the window and just freak out?",FALSE,11675,NA,8/1/2015 19:25,FALSE,NA,6.27561E+17,NA,"<a href=""http://twitter.com/download/iphone"" rel=""nofollow"">Twitter for iPhone</a>",POTUS44,3918,FALSE,FALSE,NA,NA
"Launching a pilot program to help students in prison pay for college, because everyone willing to work for it deserves a second chance.",FALSE,19333,NA,7/31/2015 20:15,FALSE,NA,6.27211E+17,NA,"<a href=""http://twitter.com/download/iphone"" rel=""nofollow"">Twitter for iPhone</a>",POTUS44,8109,FALSE,FALSE,NA,NA
"Happy 50th birthday, Medicare and Medicaid! Two programs, one promise: that every American deserves a basic measure of dignity and security.",FALSE,8238,NA,7/30/2015 16:39,FALSE,NA,6.26794E+17,NA,"<a href=""http://twitter.com/download/iphone"" rel=""nofollow"">Twitter for iPhone</a>",POTUS44,3387,FALSE,FALSE,NA,NA
"25 years of the ADA and Americans with disabilities are breaking more barriers than ever, making all of us more free. Let's keep going.",FALSE,6654,NA,7/26/2015 21:05,FALSE,NA,6.25412E+17,NA,"<a href=""http://twitter.com/download/iphone"" rel=""nofollow"">Twitter for iPhone</a>",POTUS44,3013,FALSE,FALSE,NA,NA
"Proud to be the first American President to visit Kenya. Happy to see family, and to talk with young Kenyans about the future.",FALSE,31922,NA,7/24/2015 21:25,FALSE,NA,6.24692E+17,NA,"<a href=""http://twitter.com/download/iphone"" rel=""nofollow"">Twitter for iPhone</a>",POTUS44,18976,FALSE,FALSE,NA,NA
"E.L. Doctorow was one of America's greatest novelists. His books taught me much, and he will be missed.",FALSE,4163,NA,7/22/2015 1:13,FALSE,NA,6.23662E+17,NA,"<a href=""http://twitter.com/download/iphone"" rel=""nofollow"">Twitter for iPhone</a>",POTUS44,1819,FALSE,FALSE,NA,NA
Just got this new blue marble photo from @NASA. A beautiful reminder that we need to protect the only planet we have. http://t.co/JQ3174P0LF,FALSE,33795,NA,7/20/2015 14:27,FALSE,NA,6.23137E+17,NA,"<a href=""http://twitter.com/download/iphone"" rel=""nofollow"">Twitter for iPhone</a>",POTUS44,20715,FALSE,FALSE,NA,NA
Had a great visit today with Emma Didlake - our oldest living veteran at 110-years-young! She's a true American hero. http://t.co/EeeIC3AK4A,FALSE,17974,NA,7/17/2015 20:54,FALSE,NA,6.22147E+17,NA,"<a href=""http://twitter.com/download/iphone"" rel=""nofollow"">Twitter for iPhone</a>",POTUS44,5847,FALSE,FALSE,NA,NA
Congrats to Oregon on passing two years of free community college! Every hardworking student deserves access to higher education.,FALSE,40562,NA,7/17/2015 17:10,FALSE,NA,6.22091E+17,NA,"<a href=""http://twitter.com/download/iphone"" rel=""nofollow"">Twitter for iPhone</a>",POTUS44,23690,FALSE,FALSE,NA,NA
Pluto just had its first visitor! Thanks @NASA - it's a great day for discovery and American leadership. http://t.co/FfztBSMbK0,FALSE,37960,NA,7/15/2015 1:46,FALSE,NA,6.21134E+17,NA,"<a href=""http://twitter.com/download/iphone"" rel=""nofollow"">Twitter for iPhone</a>",POTUS44,19631,FALSE,FALSE,NA,NA
Good conversation with Tom Friedman on the deal we reached with Iran. It's a major step toward a safer world.  https://t.co/xwSrH9IoFG,FALSE,3122,NA,7/15/2015 0:57,FALSE,NA,6.21121E+17,NA,"<a href=""http://twitter.com/download/iphone"" rel=""nofollow"">Twitter for iPhone</a>",POTUS44,1400,FALSE,FALSE,NA,NA
Mass incarceration doesn't work. Let's build communities that give kids a shot at success and prisons that prepare people for a 2nd chance.,FALSE,31443,POTUS44,7/14/2015 22:47,FALSE,6.21087E+17,6.21089E+17,1536791610,"<a href=""http://twitter.com/download/iphone"" rel=""nofollow"">Twitter for iPhone</a>",POTUS44,25947,FALSE,FALSE,NA,NA
We could eliminate tuition at every public college and university in America with the $80 billion we spend each year on incarcerations.,FALSE,86478,POTUS44,7/14/2015 22:42,FALSE,6.21086E+17,6.21087E+17,1536791610,"<a href=""http://twitter.com/download/iphone"" rel=""nofollow"">Twitter for iPhone</a>",POTUS44,97666,FALSE,FALSE,NA,NA
The $80 billion we spend each year on incarcerations could double the salary of every high school teacher in America.,FALSE,19662,POTUS44,7/14/2015 22:37,FALSE,6.21085E+17,6.21086E+17,1536791610,"<a href=""http://twitter.com/download/iphone"" rel=""nofollow"">Twitter for iPhone</a>",POTUS44,20127,FALSE,FALSE,NA,NA
The $80 billion we spend each year to keep people incarcerated could pay for universal pre-K for every 3-year-old and 4-year-old in America.,FALSE,13676,POTUS44,7/14/2015 22:34,FALSE,6.21084E+17,6.21085E+17,1536791610,"<a href=""http://twitter.com/download/iphone"" rel=""nofollow"">Twitter for iPhone</a>",POTUS44,14558,FALSE,FALSE,NA,NA
"In 1980, there were 500,000 people in American jails. Today, there are 2.2 million. Many belong. But too many are nonviolent offenders.",FALSE,12458,POTUS44,7/14/2015 22:30,FALSE,6.21083E+17,6.21084E+17,1536791610,"<a href=""http://twitter.com/download/iphone"" rel=""nofollow"">Twitter for iPhone</a>",POTUS44,11906,FALSE,FALSE,NA,NA
America keeps more people behind bars than the top 35 European countries combined.,FALSE,10040,POTUS44,7/14/2015 22:26,FALSE,6.21082E+17,6.21083E+17,1536791610,"<a href=""http://twitter.com/download/iphone"" rel=""nofollow"">Twitter for iPhone</a>",POTUS44,11282,FALSE,FALSE,NA,NA
"America is home to 5% of the world's population, but 25% of the world's prisoners.",FALSE,12145,POTUS44,7/14/2015 22:20,FALSE,6.21082E+17,6.21082E+17,1536791610,"<a href=""http://twitter.com/download/iphone"" rel=""nofollow"">Twitter for iPhone</a>",POTUS44,13693,FALSE,FALSE,NA,NA
"Just spoke to the NAACP about criminal justice reform, something many broadly agree on. Some stats:",FALSE,5933,NA,7/14/2015 22:19,FALSE,NA,6.21082E+17,NA,"<a href=""http://twitter.com/download/iphone"" rel=""nofollow"">Twitter for iPhone</a>",POTUS44,2862,FALSE,FALSE,NA,NA
"South Carolina taking down the confederate flag - a signal of good will and healing, and a meaningful step towards a better future.",FALSE,31978,NA,7/10/2015 14:12,FALSE,NA,6.1951E+17,NA,"<a href=""http://twitter.com/#!/download/ipad"" rel=""nofollow"">Twitter for iPad</a>",POTUS44,19534,FALSE,FALSE,NA,NA
What a win for Team USA! Great game @CarliLloyd! Your country is so proud of all of you. Come visit the White House with the World Cup soon.,FALSE,56374,NA,7/6/2015 1:01,FALSE,NA,6.17861E+17,NA,"<a href=""http://twitter.com/download/iphone"" rel=""nofollow"">Twitter for iPhone</a>",POTUS44,27150,FALSE,FALSE,NA,NA
http://t.co/Ft3DwYWRJv,FALSE,24220,POTUS44,7/5/2015 3:57,FALSE,6.1743E+17,6.17543E+17,1536791610,"<a href=""http://twitter.com/download/iphone"" rel=""nofollow"">Twitter for iPhone</a>",POTUS44,5299,FALSE,FALSE,NA,NA
"It doesn't get much better than celebrating America with the people you love. Happy Fourth of July, everyone!",FALSE,28912,NA,7/4/2015 20:29,FALSE,NA,6.1743E+17,NA,"<a href=""http://twitter.com/download/iphone"" rel=""nofollow"">Twitter for iPhone</a>",POTUS44,9202,FALSE,FALSE,NA,NA
It's not mine; just a loaner. Maybe you can come play at the White House sometime instead?  https://t.co/srZKB6plzz,FALSE,30946,NA,7/2/2015 3:02,FALSE,NA,6.16442E+17,NA,"<a href=""http://twitter.com/download/iphone"" rel=""nofollow"">Twitter for iPhone</a>",POTUS44,12928,FALSE,FALSE,NA,NA
"Gotta go, but this was fun. Let's keep the health care conversation going - share how the #ACAWorks for you or your family.",FALSE,5112,NA,7/1/2015 20:21,FALSE,NA,6.16341E+17,NA,"<a href=""http://twitter.com/download/iphone"" rel=""nofollow"">Twitter for iPhone</a>",POTUS44,920,FALSE,FALSE,NA,NA
butler's a great player on o and d; let's sign him up long term. go bulls! https://t.co/IqbyUmcbmJ,FALSE,5300,NA,7/1/2015 20:17,FALSE,NA,6.1634E+17,NA,"<a href=""http://twitter.com"" rel=""nofollow"">Twitter Web Client</a>",POTUS44,3554,FALSE,FALSE,NA,NA
"people lack info/turned off by political noise. w court case done, let's focus on getting people signed up. https://t.co/vFCDgMXSE9",FALSE,2514,NA,7/1/2015 20:16,FALSE,NA,6.1634E+17,NA,"<a href=""http://twitter.com"" rel=""nofollow"">Twitter Web Client</a>",POTUS44,864,FALSE,FALSE,NA,NA
pushing to make 2 yrs comm college free; permit refinancing on student loans; push colleges to keep tuition low https://t.co/dTbTNDQSII,FALSE,15295,NA,7/1/2015 20:13,FALSE,NA,6.16339E+17,NA,"<a href=""http://twitter.com"" rel=""nofollow"">Twitter Web Client</a>",POTUS44,10482,FALSE,FALSE,NA,NA
"respect the nyt, but not buying peas in guac. onions, garlic, hot peppers. classic. https://t.co/MEEI8QHH1V",FALSE,21119,NA,7/1/2015 20:12,FALSE,NA,6.16339E+17,NA,"<a href=""http://twitter.com"" rel=""nofollow"">Twitter Web Client</a>",POTUS44,15072,FALSE,FALSE,NA,NA
was listening to outkast/liberation and the black keys/lonely boy this morning. https://t.co/1DP6CRdwlm,FALSE,36965,NA,7/1/2015 20:10,FALSE,NA,6.16338E+17,NA,"<a href=""http://twitter.com"" rel=""nofollow"">Twitter Web Client</a>",POTUS44,23166,FALSE,FALSE,NA,NA
there's a hardship exemption; fine only applies to folks who can afford insurance but choose not to. https://t.co/XWFEKbZCaT,FALSE,2628,NA,7/1/2015 20:08,FALSE,NA,6.16338E+17,NA,"<a href=""http://twitter.com"" rel=""nofollow"">Twitter Web Client</a>",POTUS44,1134,FALSE,FALSE,NA,NA
"have principles and issues you are passionate about, and act; worry more about doing something than being something. https://t.co/QqbgflhXDY",FALSE,7430,NA,7/1/2015 20:06,FALSE,NA,6.16337E+17,NA,"<a href=""http://twitter.com"" rel=""nofollow"">Twitter Web Client</a>",POTUS44,3772,FALSE,FALSE,NA,NA
EX-IM bank helps US companies export; that means good paying american jobs. optimistic that congress gets it done. https://t.co/UeBhgiL64B,FALSE,845,NA,7/1/2015 20:05,FALSE,NA,6.16337E+17,NA,"<a href=""http://twitter.com"" rel=""nofollow"">Twitter Web Client</a>",POTUS44,360,FALSE,FALSE,NA,NA
now's time to encourage states that held off for political reasons to do the right thing; contact state officials! https://t.co/QqUY3S9MoC,FALSE,1373,NA,7/1/2015 20:02,FALSE,NA,6.16336E+17,NA,"<a href=""http://twitter.com"" rel=""nofollow"">Twitter Web Client</a>",POTUS44,588,FALSE,FALSE,NA,NA
congratulations! hope you guys are getting sleep. nothing beats babies! https://t.co/ymGM0HARad,FALSE,3996,NA,7/1/2015 20:00,FALSE,NA,6.16336E+17,NA,"<a href=""http://twitter.com"" rel=""nofollow"">Twitter Web Client</a>",POTUS44,748,FALSE,FALSE,NA,NA
"not true - like last year, insurers request premium hikes, but must be approved; expect final increases to be less   https://t.co/WfJI2AOLkP",FALSE,1228,NA,7/1/2015 19:59,FALSE,NA,6.16335E+17,NA,"<a href=""http://twitter.com"" rel=""nofollow"">Twitter Web Client</a>",POTUS44,518,FALSE,FALSE,NA,NA
we need to encourage states to take advantage of medicaid expansion; could insure 4 mil more people in 22 states! https://t.co/S9RlkVB1An,FALSE,1670,NA,7/1/2015 19:55,FALSE,NA,6.16334E+17,NA,"<a href=""http://twitter.com"" rel=""nofollow"">Twitter Web Client</a>",POTUS44,776,FALSE,FALSE,NA,NA
"Alright, let's do this. Ready to answer your health care questions. Keep 'em coming with #AskPOTUS. http://t.co/wK8RDF2H0i",FALSE,7204,NA,7/1/2015 19:55,FALSE,NA,6.16334E+17,NA,"<a href=""http://twitter.com/download/iphone"" rel=""nofollow"">Twitter for iPhone</a>",POTUS44,2225,FALSE,FALSE,NA,NA
Inspired by what @Pontifex wrote on climate change. Agree we have a moral responsibility to act to protect our kids and God's creation.,FALSE,9739,NA,6/18/2015 23:20,FALSE,NA,6.11675E+17,NA,"<a href=""http://twitter.com/#!/download/ipad"" rel=""nofollow"">Twitter for iPad</a>",POTUS44,4852,FALSE,FALSE,NA,NA
Thrilled to formally recognize @LorettaLynch as the people's lawyer. You'll have no better partner in the fight for equality and justice.,FALSE,4712,NA,6/17/2015 17:44,FALSE,NA,6.11228E+17,NA,"<a href=""http://twitter.com/download/iphone"" rel=""nofollow"">Twitter for iPhone</a>",POTUS44,1763,FALSE,FALSE,NA,NA
What a team win for the Warriors and an epic season for Steph. Kudos to LeBron and the Cavs for an unbelievable effort under adversity.,FALSE,27737,NA,6/17/2015 4:23,FALSE,NA,6.11026E+17,NA,"<a href=""http://twitter.com/download/iphone"" rel=""nofollow"">Twitter for iPhone</a>",POTUS44,16352,FALSE,FALSE,NA,NA
Congrats to my hometown @NHLBlackhawks on 3 titles in 6 years - we'll see you and The Cup at the White House!,FALSE,16415,NA,6/16/2015 14:43,FALSE,NA,6.1082E+17,NA,"<a href=""http://twitter.com/download/iphone"" rel=""nofollow"">Twitter for iPhone</a>",POTUS44,6806,FALSE,FALSE,NA,NA
So proud of these White House mentorship grads. Can't wait to see all the great things you achieve. I believe in you! http://t.co/ao6k8ErjHI,FALSE,9344,NA,6/15/2015 19:57,FALSE,NA,6.10537E+17,NA,"<a href=""http://twitter.com/download/iphone"" rel=""nofollow"">Twitter for iPhone</a>",POTUS44,3970,FALSE,FALSE,NA,NA
I challenged them to a race. http://t.co/FpEUTnYgoD,FALSE,27709,NA,6/12/2015 1:01,FALSE,NA,6.09164E+17,NA,"<a href=""http://twitter.com/download/iphone"" rel=""nofollow"">Twitter for iPhone</a>",POTUS44,9610,FALSE,FALSE,NA,NA
This was a fun briefing: My science advisor just showed me this Hubble shot of the most crowded place in our galaxy. http://t.co/E2SeO9tumt,FALSE,35266,NA,6/3/2015 22:31,FALSE,NA,6.06227E+17,NA,"<a href=""http://twitter.com"" rel=""nofollow"">Twitter Web Client</a>",POTUS44,16421,FALSE,FALSE,NA,NA
Glad the Senate finally passed the USA Freedom Act. It protects civil liberties and our national security. I'll sign it as soon as I get it.,FALSE,10842,NA,6/2/2015 21:01,FALSE,NA,6.05842E+17,NA,"<a href=""http://twitter.com/download/iphone"" rel=""nofollow"">Twitter for iPhone</a>",POTUS44,3621,FALSE,FALSE,NA,NA
Awarded two Medals of Honor today for acts of bravery a century ago. We honor our heroes no matter how long it takes. http://t.co/AYazTecZpB,FALSE,9956,NA,6/2/2015 18:28,FALSE,NA,6.05803E+17,NA,"<a href=""http://twitter.com"" rel=""nofollow"">Twitter Web Client</a>",POTUS44,2783,FALSE,FALSE,NA,NA
"Thanks for the questions! This was fun. I've got to run, but let’s do it again soon. Tell me what you're doing to #ActOnClimate.",FALSE,6574,NA,5/28/2015 17:29,FALSE,NA,6.03976E+17,NA,"<a href=""http://twitter.com"" rel=""nofollow"">Twitter Web Client</a>",POTUS44,1484,FALSE,FALSE,NA,NA
.@apat246 @chicagobulls love thibs and think he did a great job. Sorry to see him go but expect he will be snatched up soon by another team.,FALSE,4142,apat246,5/28/2015 17:29,FALSE,6.03962E+17,6.03976E+17,390825318,"<a href=""http://twitter.com/download/iphone"" rel=""nofollow"">Twitter for iPhone</a>",POTUS44,2878,FALSE,FALSE,NA,NA
.@ZCarlander agreement with China big and will be working w Brazil to develop their plans. We will all need to do more with US leading,FALSE,1675,ZCarlander,5/28/2015 17:27,FALSE,6.03969E+17,6.03976E+17,1322284950,"<a href=""http://twitter.com/download/iphone"" rel=""nofollow"">Twitter for iPhone</a>",POTUS44,532,FALSE,FALSE,NA,NA
".@arianastover Kids instinctively understand importance of environment, impact on animals, health. Weave it into science and social studies",FALSE,3457,arianastover,5/28/2015 17:24,FALSE,6.03961E+17,6.03975E+17,37115355,"<a href=""http://twitter.com/download/iphone"" rel=""nofollow"">Twitter for iPhone</a>",POTUS44,1238,FALSE,FALSE,NA,NA
".@HtetWint renewable energy key, already increased solar 10x and wind 3x, now need to invest more in r&amp;d and provide regulatory incentives",FALSE,2267,HtetWint,5/28/2015 17:22,FALSE,6.03972E+17,6.03975E+17,629103290,"<a href=""http://twitter.com/download/iphone"" rel=""nofollow"">Twitter for iPhone</a>",POTUS44,876,FALSE,FALSE,NA,NA
. @Jamesthe4tress Already expanded Pell Grants and capped student loan interest rates; now want to make 2 yrs of community college free.,FALSE,4747,jamesthe4tress,5/28/2015 17:18,FALSE,6.03961E+17,6.03974E+17,312459288,"<a href=""http://twitter.com"" rel=""nofollow"">Twitter Web Client</a>",POTUS44,1872,FALSE,FALSE,NA,NA
"@HLF3267 In fact new trade deal with have the strongest enforceable environmental provisions in history, raising standards across Asia.",FALSE,660,HLF3267,5/28/2015 17:16,FALSE,6.03961E+17,6.03973E+17,2295625259,"<a href=""http://twitter.com"" rel=""nofollow"">Twitter Web Client</a>",POTUS44,258,FALSE,FALSE,NA,NA
".@ZCarlander more severe weather events lead to displacement, scarcity, stressed populations; all increase likelihood of global conflict.",FALSE,2288,ZCarlander,5/28/2015 17:15,FALSE,6.03961E+17,6.03973E+17,1322284950,"<a href=""http://twitter.com/download/iphone"" rel=""nofollow"">Twitter for iPhone</a>",POTUS44,924,FALSE,FALSE,NA,NA
.@NathenVieira jr smith having a great season but the heart of the Cavs is Lebron. And no one can outshoot Curry - maybe Korver if wide open,FALSE,7544,NathenVieira,5/28/2015 17:11,FALSE,6.0396E+17,6.03972E+17,162090984,"<a href=""http://twitter.com/download/iphone"" rel=""nofollow"">Twitter for iPhone</a>",POTUS44,6346,FALSE,FALSE,NA,NA
"@.gkermmm 2/ after I sign agreement, Congress will have months of debate before a vote. Nothing secret about it.",FALSE,1489,NA,5/28/2015 17:08,FALSE,NA,6.03971E+17,NA,"<a href=""http://twitter.com/download/iphone"" rel=""nofollow"">Twitter for iPhone</a>",POTUS44,492,FALSE,FALSE,NA,NA
.@gkermmm 1/ TPP is still being negotiated! But legislation requires the full text for 60 days before I sign.,FALSE,1187,gkermmm,5/28/2015 17:08,FALSE,6.0396E+17,6.03971E+17,465076617,"<a href=""http://twitter.com/download/iphone"" rel=""nofollow"">Twitter for iPhone</a>",POTUS44,426,FALSE,FALSE,NA,NA
.@drock89 as @Pontifex and other religious leaders have stated we have a moral obligation to the most vulnerable and the next generation.,FALSE,2045,drock89,5/28/2015 17:05,FALSE,6.03959E+17,6.0397E+17,28640463,"<a href=""http://twitter.com/download/iphone"" rel=""nofollow"">Twitter for iPhone</a>",POTUS44,852,FALSE,FALSE,NA,NA
.@BigBennyFL 3/ already rejected Shell's original proposal as inadequate which shows we're serious.,FALSE,1540,BigBennyFL,5/28/2015 17:04,FALSE,6.0396E+17,6.0397E+17,1007173664,"<a href=""http://twitter.com/download/iphone"" rel=""nofollow"">Twitter for iPhone</a>",POTUS44,446,FALSE,FALSE,NA,NA
.@BigBennyFL 2/ But since we can't prevent oil exploration completely in region we're setting the highest possible standards,FALSE,1376,BigBennyFL,5/28/2015 17:02,FALSE,6.0396E+17,6.0397E+17,1007173664,"<a href=""http://twitter.com/download/iphone"" rel=""nofollow"">Twitter for iPhone</a>",POTUS44,445,FALSE,FALSE,NA,NA
"@BigBennyFL 1/ We've shut off drilling in the most sensitive arctic areas, including Bristol Bay.",FALSE,717,BigBennyFL,5/28/2015 16:59,FALSE,6.0396E+17,6.03969E+17,1007173664,"<a href=""http://twitter.com/download/iphone"" rel=""nofollow"">Twitter for iPhone</a>",POTUS44,265,FALSE,FALSE,NA,NA
.@calebmegajew the science is overwhelming but what will move Congress will be public opinion. Your voices will make them open to facts.,FALSE,3235,calebmegajew,5/28/2015 16:56,FALSE,6.0396E+17,6.03968E+17,360324412,"<a href=""http://twitter.com/download/iphone"" rel=""nofollow"">Twitter for iPhone</a>",POTUS44,1221,FALSE,FALSE,NA,NA
Ready to answer your questions on climate change. Let's do this! #AskPOTUS http://t.co/5KrIb5jL6S,FALSE,7080,NA,5/28/2015 16:48,FALSE,NA,6.03966E+17,NA,"<a href=""http://twitter.com/download/iphone"" rel=""nofollow"">Twitter for iPhone</a>",POTUS44,3126,FALSE,FALSE,NA,NA
Just got a hurricane preparedness briefing in Miami. Acting on climate change is critical. Got climate Qs? I'll answer at 1pm ET. #AskPOTUS,FALSE,4422,NA,5/28/2015 16:21,FALSE,NA,6.03959E+17,NA,"<a href=""http://twitter.com/download/iphone"" rel=""nofollow"">Twitter for iPhone</a>",POTUS44,1906,FALSE,FALSE,NA,NA
Spent the morning at Arlington. Take time today to honor our fallen heroes. We're forever indebted to their families. http://t.co/hChhhOVCS3,FALSE,22715,NA,5/25/2015 16:45,FALSE,NA,6.02878E+17,NA,"<a href=""http://twitter.com/download/iphone"" rel=""nofollow"">Twitter for iPhone</a>",POTUS44,8760,FALSE,FALSE,NA,NA
.@DrFahmida tell your niece I really like her letter. Couldn't agree more!,FALSE,15116,DrFahmida,5/22/2015 20:19,FALSE,6.01808E+17,6.01845E+17,211171360,"<a href=""http://twitter.com/download/iphone"" rel=""nofollow"">Twitter for iPhone</a>",POTUS44,4536,FALSE,FALSE,NA,NA
".@rebsteve really enjoyed stopping by today. I had fun singing Shabbat Shalom with the PreK class downstairs, too! http://t.co/6b8CrXSgMt",FALSE,7455,rebsteve,5/22/2015 20:06,FALSE,6.01771E+17,6.01842E+17,43697249,"<a href=""http://twitter.com/download/iphone"" rel=""nofollow"">Twitter for iPhone</a>",POTUS44,2775,FALSE,FALSE,NA,NA
An honor to address the Coast Guard class of 2015. Confident they'll help us meet big challenges like climate change. http://t.co/1z4fteA1YJ,FALSE,19068,NA,5/20/2015 17:51,FALSE,NA,6.01083E+17,NA,"<a href=""http://twitter.com/download/iphone"" rel=""nofollow"">Twitter for iPhone</a>",POTUS44,4882,FALSE,FALSE,NA,NA
"Good question, @billclinton. The handle comes with the house. Know anyone interested in @FLOTUS?",FALSE,104229,billclinton,5/18/2015 21:07,FALSE,6.0039E+17,6.00407E+17,1330457336,"<a href=""http://twitter.com/download/iphone"" rel=""nofollow"">Twitter for iPhone</a>",POTUS44,57101,FALSE,FALSE,NA,NA
"In Camden today, seeing first-hand how smart policing is making the community safer while building trust. http://t.co/3MiWk43c8g",FALSE,28757,NA,5/18/2015 19:51,FALSE,NA,6.00388E+17,NA,"<a href=""http://twitter.com/download/iphone"" rel=""nofollow"">Twitter for iPhone</a>",POTUS44,9191,FALSE,FALSE,NA,NA
"Hello, Twitter! It's Barack. Really! Six years in, they're finally giving me my own account.",FALSE,441550,NA,5/18/2015 15:38,FALSE,NA,6.00325E+17,NA,"<a href=""http://twitter.com/download/iphone"" rel=""nofollow"">Twitter for iPhone</a>",POTUS44,288964,FALSE,FALSE,NA,NA
